35,0,10,0.358133293
45,0,10,0.51535648
55,0,10,0.409842713
65,0,10,0.715476388
35,0,50,0.321292114
45,0,50,0.390513372
55,0,50,0.355866603
65,0,50,0.192841311
35,0,100,0.316242217
45,0,100,0.099859125
55,0,100,0.404947095
35,0,200,0.155930461
45,0,200,0.542987636
55,0,200,0.338853919
35,0,10,0.355201626
45,0,10,0.302155072
55,0,10,0.747954557
65,0,10,0.993101071
35,0,50,0.148034941
45,0,50,0.392660067
55,0,50,0.783023517
65,0,50,0.908103726
35,0,100,0.098702162
45,0,100,0.131226875
55,0,100,0.597849307
65,0,100,-0.166537698
35,0,200,0.420321342
45,0,200,0.723473824
55,0,200,0.04611738
35,25,10,0.504118363
45,25,10,0.061137939
55,25,10,0.45310295
65,25,10,0.947315202
35,25,50,0.616527065
45,25,50,0.077796401
55,25,50,0.042941488
65,25,50,0.672982699
35,25,100,0.493358329
45,25,100,0.656356968
55,25,100,0.216841453
65,25,100,0.55563012
35,25,200,0.53522112
45,25,200,0.641631767
55,25,200,0.480291283
65,25,200,0.258441139
35,25,10,0.838344147
45,25,10,0.533995832
55,25,10,0.376251607
65,25,10,0.985706082
35,25,50,0.737696086
45,25,50,0.198117453
55,25,50,0.545114314
65,25,50,0.15283117
35,25,100,0.390128186
45,25,100,0.496865049
55,25,100,0.136761753
65,25,100,-0.117226587
35,25,200,0.386105069
45,25,200,0.387891795
55,25,200,0.202862863
65,25,200,0.199356052
35,0,10,0.739804247
45,0,10,0.593550695
55,0,10,0.114596231
65,0,10,0.696838654
35,0,50,0.398721023
45,0,50,0.818727601
55,0,50,0.128069797
35,0,100,0.172653104
45,0,100,0.821444034
55,0,100,0.001760323
35,0,200,0.542115841
45,0,200,0.143216634
55,0,200,0.101165107
35,0,10,0.557149915
45,0,10,0.609168061
55,0,10,0.745075432
65,0,10,0.558222078
35,0,50,0.52483898
45,0,50,0.318987663
55,0,50,0.677196735
35,0,100,0.107200395
45,0,100,0.11093881
55,0,100,0.046593542
35,0,200,0.352509757
45,0,200,0.505577971
55,0,200,0.04851029
35,25,10,0.060484117
45,25,10,0.510974918
55,25,10,0.977618793
65,25,10,0.389206208
35,25,50,0.393019488
45,25,50,0.21625426
55,25,50,0.278999484
65,25,50,0.989980165
35,25,100,0.598441959
45,25,100,0.662438914
55,25,100,0.072002381
65,25,100,0.666257436
35,25,200,0.670755157
45,25,200,0.648966301
55,25,200,0.409821187
65,25,200,0.994155297
35,25,10,0.804636057
45,25,10,0.650959435
55,25,10,0.452295379
65,25,10,0.992860839
35,25,50,0.572106192
45,25,50,0.336149405
55,25,50,0.51821207
65,25,50,0.912840548
35,25,100,0.547045141
45,25,100,0.176887967
55,25,100,0.403026061
65,25,100,-0.065635487
35,25,200,0.516439454
45,25,200,0.105832842
55,25,200,0.534623267
65,25,200,0.808213192
35,25,10,0.942575667
45,25,10,0.336846488
55,25,10,0.556137972
65,25,10,0.500376936
35,25,50,0.73368047
45,25,50,0.523078956
55,25,50,0.475467091
65,25,50,0.621065966
35,25,100,0.847561495
45,25,100,0.466772928
55,25,100,0.582022314
65,25,100,0.539005709
35,25,200,0.541341173
45,25,200,0.448488357
55,25,200,0.1866479
65,25,200,0.878440709
35,25,10,0.191087608
45,25,10,0.876309344
55,25,10,0.194045212
65,25,10,0.891002007
35,25,50,0.430060168
45,25,50,0.23058669
55,25,50,0.862150235
65,25,50,0.968695895
35,25,100,0.649047084
45,25,100,0.870599113
55,25,100,0.282053032
65,25,100,0.993490732
35,25,200,0.57499489
45,25,200,0.377090646
55,25,200,0.314024576
65,25,200,0.822061088
35,50,10,0.987636877
45,50,10,0.6755146
55,50,10,0.733085888
65,50,10,0.66354674
35,50,50,0.626938383
45,50,50,0.083713763
55,50,50,0.531186682
65,50,50,0.686454495
35,50,100,0.16299246
45,50,100,0.662332486
55,50,100,0.51074749
65,50,100,0.629322136
35,50,200,0.205813258
45,50,200,0.4313205
55,50,200,0.44510637
65,50,200,0.426418972
35,50,10,0.948915776
45,50,10,0.636787617
55,50,10,0.183681246
65,50,10,0.802085112
35,50,50,0.711273593
45,50,50,0.408491372
55,50,50,0.279236154
65,50,50,0.057391864
35,50,100,0.626604781
45,50,100,0.231268518
55,50,100,0.225734774
65,50,100,0.028477001
35,50,200,0.816772874
45,50,200,0.212466434
55,50,200,0.211593183
65,50,200,0.449292687
35,25,10,0.345329395
45,25,10,0.493316148
55,25,10,0.441455502
65,25,10,0.34442136
35,25,50,0.461546926
45,25,50,0.746980164
55,25,50,0.274727298
65,25,50,0.486601231
35,25,100,0.138377003
45,25,100,0.679579342
55,25,100,0.457811178
65,25,100,0.590546894
35,25,200,0.49963698
45,25,200,0.358173931
55,25,200,0.499886352
65,25,200,0.616567444
35,25,10,0.869268339
45,25,10,0.20835602
55,25,10,0.633944641
65,25,10,0.834629711
35,25,50,0.384604159
45,25,50,0.51303077
55,25,50,0.475668765
65,25,50,0.709520947
35,25,100,0.696717196
45,25,100,0.48949658
55,25,100,0.183391301
65,25,100,0.962101975
35,25,200,0.101131591
45,25,200,0.288523075
55,25,200,0.361164613
65,25,200,0.47063063
35,50,10,0.912247584
45,50,10,0.489903273
55,50,10,0.909952245
65,50,10,0.905679809
35,50,50,0.541619104
45,50,50,0.942119727
55,50,50,0.667038795
65,50,50,0.693201287
35,50,100,0.188446975
45,50,100,0.808974452
55,50,100,0.574241136
65,50,100,0.563710753
35,50,200,0.565439522
45,50,200,0.160381148
55,50,200,0.123373815
65,50,200,0.475564229
35,50,10,0.19564197
45,50,10,0.521876105
55,50,10,0.136604868
65,50,10,-0.029671769
35,50,50,0.572033481
45,50,50,0.072695522
55,50,50,0.245907399
65,50,50,-0.048956316
35,50,100,0.306429594
45,50,100,0.043660989
55,50,100,-0.003135703
65,50,100,0.58062218
35,50,200,0.234659694
45,50,200,-0.012451805
55,50,200,0.012384468
65,50,200,-0.081916163
35,0,10,0.812018203
45,0,10,0.672051871
55,0,10,0.505459484
35,0,50,0.42191517
45,0,50,0.577460666
55,0,50,0.009180829
35,0,100,0.413517546
45,0,100,0.456903571
55,0,100,0.473699179
35,0,200,0.467954913
45,0,200,0.405689731
55,0,200,0.133716145
35,0,10,0.672904135
45,0,10,0.468667228
55,0,10,0.105692218
35,0,50,0.298096596
45,0,50,0.460428328
55,0,50,0.720191005
35,0,100,0.061331949
45,0,100,0.431089134
55,0,100,0.61063938
35,0,200,0.566592989
45,0,200,0.196465872
55,0,200,0.252079424
35,25,10,0.99925895
45,25,10,0.90725543
55,25,10,0.502986415
65,25,10,0.536820336
35,25,50,0.830646093
45,25,50,0.776523917
55,25,50,0.688475489
35,25,100,0.994316648
45,25,100,0.921425708
55,25,100,0.031724439
65,25,100,0.433839441
35,25,200,0.203602073
45,25,200,0.451006963
55,25,200,0.03109182
35,25,10,0.737940016
45,25,10,0.366403502
55,25,10,0.773190206
35,25,50,0.148915893
45,25,50,0.836255119
55,25,50,0.061888485
65,25,50,0.8420709
35,25,100,0.669444085
45,25,100,0.83646912
55,25,100,0.024268213
65,25,100,0.708101532
35,25,200,0.993103225
45,25,200,0.43316031
55,25,200,0.151339716
65,25,200,0.912858946
35,0,10,0.109320486
45,0,10,0.300850429
55,0,10,0.828628578
35,0,50,0.080364695
45,0,50,0.629300625
55,0,50,0.827406083
35,0,100,0.061341426
45,0,100,0.041711226
55,0,100,0.446626965
35,0,200,0.612992765
45,0,200,0.536554285
55,0,200,0.122794213
35,0,10,0.376348446
45,0,10,0.225775039
55,0,10,0.072307529
65,0,10,0.983112108
35,0,50,0.614507149
45,0,50,0.646208854
55,0,50,0.483581408
65,0,50,0.257538984
35,0,100,0.51669961
45,0,100,0.267451076
55,0,100,0.044154071
65,0,100,-0.068916939
35,0,200,0.226093798
45,0,200,0.492879205
55,0,200,0.612861046
35,25,10,0.914984665
45,25,10,0.635888468
55,25,10,0.950229396
65,25,10,0.887325334
35,25,50,0.716167105
45,25,50,0.679074134
55,25,50,0.027129971
65,25,50,0.648076837
35,25,100,0.209528626
45,25,100,0.412918186
55,25,100,0.10376155
65,25,100,-0.08794605
35,25,200,0.444298985
45,25,200,0.477526268
55,25,200,0.364334928
65,25,200,0.307028584
35,25,10,0.916861953
45,25,10,0.037031477
55,25,10,0.54558147
65,25,10,0.967735427
35,25,50,0.453021175
45,25,50,0.461376197
55,25,50,0.092115708
65,25,50,0.079188657
35,25,100,0.422052459
45,25,100,0.642903011
55,25,100,0.66280057
65,25,100,0.332307744
35,25,200,0.528110731
45,25,200,0.371841341
55,25,200,0.347756806
65,25,200,-0.064379072
35,25,10,0.053970311
45,25,10,0.914679194
55,25,10,0.508828387
65,25,10,0.052038013
35,25,50,0.036792843
45,25,50,0.607944122
55,25,50,0.163832269
65,25,50,0.888192582
35,25,100,0.004174985
45,25,100,0.061645737
55,25,100,0.359858132
65,25,100,0.698596969
35,25,200,0.009170337
45,25,200,0.449834107
55,25,200,0.575005341
65,25,200,0.155713273
35,25,10,0.352092003
45,25,10,0.770185778
55,25,10,0.30086328
65,25,10,0.483370666
35,25,50,0.613196039
45,25,50,0.37648453
55,25,50,0.260640944
65,25,50,0.961692262
35,25,100,0.538813429
45,25,100,0.173715151
55,25,100,0.762906527
65,25,100,0.613087522
35,25,200,0.352855627
45,25,200,0.831229743
55,25,200,0.609453717
65,25,200,0.551521409
35,50,10,0.898684639
45,50,10,0.948671274
55,50,10,0.741357188
65,50,10,0.997260226
35,50,50,0.352606841
45,50,50,0.793063843
55,50,50,0.419617952
65,50,50,0.978133958
35,50,100,0.583255247
45,50,100,0.687867103
55,50,100,0.342921625
65,50,100,0.964559566
35,50,200,0.561998634
45,50,200,0.562309487
55,50,200,0.516990217
65,50,200,0.995598959
35,50,10,0.982705993
45,50,10,0.507817299
55,50,10,0.46946669
65,50,10,0.902957284
35,50,50,0.501775497
45,50,50,0.808701557
55,50,50,0.428593969
65,50,50,0.302887173
35,50,100,0.617074993
45,50,100,0.749650495
55,50,100,0.110144881
65,50,100,0.915598758
35,50,200,0.346030807
45,50,200,0.779146817
55,50,200,0.39152313
65,50,200,0.576678881
35,25,10,0.766704397
45,25,10,0.803001638
55,25,10,0.480740935
65,25,10,0.894512223
35,25,50,-0.031695472
45,25,50,0.450240111
55,25,50,0.416211424
65,25,50,0.753931788
35,25,100,0.372083352
45,25,100,0.63766805
55,25,100,0.41972072
65,25,100,0.53682635
35,25,200,0.065422238
45,25,200,0.437923818
55,25,200,0.310023707
65,25,200,0.933701163
35,25,10,0.855126652
45,25,10,0.463422022
55,25,10,0.230913747
65,25,10,-0.056384469
35,25,50,0.012498373
45,25,50,0.889188198
55,25,50,0.321385525
65,25,50,0.995114752
35,25,100,0.419263197
45,25,100,0.482535172
55,25,100,0.567110814
65,25,100,0.875651283
35,25,200,0.505394034
45,25,200,0.164619914
55,25,200,0.479925184
65,25,200,0.181444486
35,50,10,0.919490653
45,50,10,0.95862689
55,50,10,0.145003876
65,50,10,0.747330599
35,50,50,0.069181548
45,50,50,0.486583255
55,50,50,0.174363756
65,50,50,0.840399006
35,50,100,0.388323452
45,50,100,0.722834542
55,50,100,0.405080021
65,50,100,0.704959042
35,50,200,0.615187363
45,50,200,0.058906818
55,50,200,0.293286966
65,50,200,0.011599406
35,50,10,0.848745489
45,50,10,0.222458834
55,50,10,0.904932069
65,50,10,0.64291256
35,50,50,0.669018529
45,50,50,0.722652963
55,50,50,0.584977244
65,50,50,0.84623493
35,50,100,0.16815829
45,50,100,0.197863768
55,50,100,0.296906194
65,50,100,0.693684186
35,50,200,0.727734299
45,50,200,0.874959686
55,50,200,0.296100076
65,50,200,0.541918871
35,25,10,0.187827822
45,25,10,0.781088773
55,25,10,0.675407148
65,25,10,0.490728529
35,25,50,0.172772225
45,25,50,0.211118299
55,25,50,0.388111089
65,25,50,0.173641164
35,25,100,0.007117528
45,25,100,0.796736301
55,25,100,0.38479233
65,25,100,0.614769256
35,25,200,0.557270785
45,25,200,0.185721825
55,25,200,0.687397298
65,25,200,0.29210017
35,25,10,0.064748653
45,25,10,0.303201151
55,25,10,0.659011672
65,25,10,0.995930879
35,25,50,0.679887684
45,25,50,0.874633913
55,25,50,0.716939367
65,25,50,0.965941135
35,25,100,0.806425642
45,25,100,0.731311992
55,25,100,0.355619969
65,25,100,0.981526652
35,25,200,-0.015000797
45,25,200,0.601897091
55,25,200,0.172601157
65,25,200,0.759560699
35,50,10,0.06942316
45,50,10,0.448643203
55,50,10,0.070174528
65,50,10,-0.002089338
35,50,50,0.871381527
45,50,50,0.172817447
55,50,50,0.247347196
65,50,50,0.927837094
35,50,100,0.789871293
45,50,100,0.24220004
55,50,100,0.109210256
65,50,100,0.77745096
35,50,200,0.387315493
45,50,200,0.14131834
55,50,200,0.28390335
65,50,200,0.521129911
35,50,10,-0.000220926
45,50,10,0.208424857
55,50,10,0.181425541
65,50,10,0.626185527
35,50,50,0.823214178
45,50,50,0.44492633
55,50,50,0.480146547
65,50,50,0.999343941
35,50,100,0.643945214
45,50,100,0.022789495
55,50,100,0.49494707
65,50,100,0.033561498
35,50,200,0.594455965
45,50,200,0.106666343
55,50,200,0.351792552
65,50,200,0.987499508
35,25,10,0.977162479
45,25,10,0.286546007
55,25,10,0.221095065
65,25,10,0.637960007
35,25,50,0.9697273
45,25,50,0.064448386
55,25,50,0.258469182
65,25,50,0.794373967
35,25,100,0.153602637
45,25,100,0.164076586
55,25,100,0.232160936
65,25,100,0.464831295
35,25,200,0.033786226
45,25,200,0.689489943
55,25,200,0.856959759
65,25,200,0.972219745
35,25,10,0.934990625
45,25,10,0.23650521
55,25,10,0.290674743
65,25,10,0.442463053
35,25,50,0.349840198
45,25,50,0.551474539
55,25,50,0.825645575
65,25,50,0.679138179
35,25,100,0.839539935
45,25,100,0.456566263
55,25,100,0.352545125
65,25,100,0.346264166
35,25,200,0.0239868
45,25,200,0.549310677
55,25,200,0.191431441
65,25,200,0.06766978
35,50,10,0.546763966
45,50,10,0.918682853
55,50,10,0.989206197
65,50,10,0.659112427
35,50,50,0.637997978
45,50,50,0.841338677
55,50,50,0.826698716
65,50,50,0.90530809
35,50,100,0.842587181
45,50,100,0.854095936
55,50,100,0.948958548
65,50,100,0.991946785
35,50,200,0.961262764
45,50,200,0.730873097
55,50,200,0.764148059
65,50,200,0.126402823
35,50,10,0.983864006
45,50,10,0.869013297
55,50,10,0.407381127
65,50,10,0.22134788
35,50,50,0.474102727
45,50,50,0.760275949
55,50,50,0.37625743
65,50,50,0.03786375
35,50,100,0.833233052
45,50,100,0.619395379
55,50,100,0.718043901
65,50,100,0.947174771
35,50,200,0.59668639
45,50,200,0.251781569
55,50,200,0.635477063
65,50,200,0.633791507
35,50,10,0.687873543
45,50,10,0.702413684
55,50,10,0.519873054
65,50,10,0.808539375
35,50,50,0.938873733
45,50,50,0.173146213
55,50,50,0.379226412
65,50,50,-0.020825129
35,50,100,0.317463242
45,50,100,0.575420196
55,50,100,0.320050859
65,50,100,0.280717279
35,50,200,-0.088620555
45,50,200,0.088907341
55,50,200,0.559759897
65,50,200,0.838181158
35,50,10,0.881266926
45,50,10,0.049674343
55,50,10,0.695163219
65,50,10,0.924584236
35,50,50,0.986633212
45,50,50,0.562168993
55,50,50,0.344099178
65,50,50,0.409330469
35,50,100,0.880995458
45,50,100,0.15891462
55,50,100,0.502983047
65,50,100,0.860158726
35,50,200,0.902123291
45,50,200,0.103612176
55,50,200,0.298610304
65,50,200,0.436530851
35,75,10,0.114532453
45,75,10,0.169808681
55,75,10,0.058446613
65,75,10,0.194690209
35,75,50,0.484103893
45,75,50,0.130990677
55,75,50,0.036498936
65,75,50,0.149342224
35,75,100,0.169986058
45,75,100,0.022070993
55,75,100,0.212285797
65,75,100,-0.072727146
35,75,200,-0.109593556
45,75,200,0.4358507
55,75,200,-0.001592006
65,75,200,0.155841062
35,75,10,0.885167216
45,75,10,0.751492709
55,75,10,0.478334574
65,75,10,0.308859932
35,75,50,0.965034603
45,75,50,0.608243181
55,75,50,0.494525858
65,75,50,0.163810803
35,75,100,0.397988487
45,75,100,0.646066067
55,75,100,0.22234958
65,75,100,0.227854306
35,75,200,0.794997234
45,75,200,0.21416036
55,75,200,0.086243288
65,75,200,0.310470244
35,50,10,0.646424683
45,50,10,0.814853876
55,50,10,0.095168868
65,50,10,0.161223732
35,50,50,0.491011401
45,50,50,0.23860346
55,50,50,0.886522846
65,50,50,0.524322675
35,50,100,0.115434622
45,50,100,0.471223074
55,50,100,0.268180518
65,50,100,0.623529616
35,50,200,0.752461301
45,50,200,0.619424543
55,50,200,0.227967578
65,50,200,0.252173623
35,50,10,0.977518875
45,50,10,0.645235015
55,50,10,0.810512087
65,50,10,0.964876532
35,50,50,0.645150423
45,50,50,0.769294624
55,50,50,0.514381382
65,50,50,0.686494211
35,50,100,0.425195596
45,50,100,0.044269782
55,50,100,0.636785376
65,50,100,0.891163472
35,50,200,0.591554461
45,50,200,0.458167701
55,50,200,0.714387042
65,50,200,0.147282114
35,75,10,0.753461895
45,75,10,0.057146896
55,75,10,0.103124143
65,75,10,0.850411954
35,75,50,0.957338515
45,75,50,0.116034875
55,75,50,0.533324107
65,75,50,0.380257505
35,75,100,0.101918748
45,75,100,0.041833109
55,75,100,0.504442928
65,75,100,0.261277435
35,75,200,-0.060428141
45,75,200,0.232604204
55,75,200,0.169439442
65,75,200,0.606809298
35,75,10,0.187287042
45,75,10,0.301774009
55,75,10,0.195552993
65,75,10,0.083214766
35,75,50,0.037110116
45,75,50,0.386873965
55,75,50,0.011369384
65,75,50,0.460311213
35,75,100,0.737191165
45,75,100,0.512814533
55,75,100,0.230460333
65,75,100,0.52968727
35,75,200,0.672258183
45,75,200,0.654871586
55,75,200,0.19121385
65,75,200,0.281260999
35,25,10,0.446363779
45,25,10,0.380859136
55,25,10,0.185495999
65,25,10,0.996444054
35,25,50,0.327124684
45,25,50,0.42999097
55,25,50,0.258849839
65,25,50,-0.012755543
35,25,100,0.242646645
45,25,100,0.780016473
55,25,100,0.347956383
65,25,100,0.593015218
35,25,200,0.3665632
45,25,200,0.336026164
55,25,200,0.199758623
65,25,200,0.888318324
35,25,10,0.871602191
45,25,10,0.855246384
55,25,10,0.083691693
65,25,10,0.998039026
35,25,50,0.230743206
45,25,50,0.241848325
55,25,50,0.666310963
65,25,50,-0.055914105
35,25,100,0.176287965
45,25,100,0.557515439
55,25,100,0.231535879
65,25,100,0.976030542
35,25,200,0.423092767
45,25,200,0.74580455
55,25,200,0.570452356
65,25,200,0.32255036
35,50,10,0.932621969
45,50,10,0.540193911
55,50,10,0.982801748
65,50,10,0.173699343
35,50,50,0.435692153
45,50,50,0.475068698
55,50,50,0.679705969
65,50,50,0.996618513
35,50,100,0.40475838
45,50,100,0.936219622
55,50,100,0.495653574
65,50,100,0.465267346
35,50,200,0.224940341
45,50,200,0.675476735
55,50,200,0.886479241
65,50,200,0.009430892
35,50,10,0.768683472
45,50,10,0.371257232
55,50,10,0.412719052
65,50,10,0.914347184
35,50,50,0.823014749
45,50,50,0.548910715
55,50,50,0.390307638
65,50,50,-0.070469158
35,50,100,0.609252346
45,50,100,0.422533977
55,50,100,0.455309987
65,50,100,0.190187921
35,50,200,0.209605345
45,50,200,0.700768802
55,50,200,0.25571793
65,50,200,-0.061238907
35,25,10,0.965524616
45,25,10,0.906194366
55,25,10,0.119450299
65,25,10,0.944600796
35,25,50,0.139949244
45,25,50,0.732702827
55,25,50,0.959629871
35,25,100,0.015866711
45,25,100,0.82834114
55,25,100,0.458519093
65,25,100,0.9243423
35,25,200,0.643095996
45,25,200,0.812154772
55,25,200,0.705330846
35,25,10,0.171244781
45,25,10,0.293614475
55,25,10,0.4826717
65,25,10,0.950291873
35,25,50,0.280771544
45,25,50,0.103677313
55,25,50,0.760056128
65,25,50,0.882479902
35,25,100,0.487641943
45,25,100,0.360177233
55,25,100,0.623024352
65,25,100,0.961319504
35,25,200,0.331337708
45,25,200,0.379319276
55,25,200,0.28380742
65,25,200,0.999818094
35,50,10,0.891327377
45,50,10,0.3823878
55,50,10,0.276825015
65,50,10,0.970873087
35,50,50,0.353718186
45,50,50,0.79451229
55,50,50,0.307652574
65,50,50,0.606018258
35,50,100,0.55095326
45,50,100,0.825879718
55,50,100,0.28991973
65,50,100,0.569999901
35,50,200,-0.075282725
45,50,200,0.692430371
55,50,200,0.853200507
65,50,200,0.546061756
35,50,10,0.991396641
45,50,10,0.189473632
55,50,10,0.219789291
65,50,10,0.893977935
35,50,50,0.656338632
45,50,50,0.92258176
55,50,50,0.137429219
65,50,50,0.651719603
35,50,100,0.960218941
45,50,100,0.222642633
55,50,100,0.447180625
65,50,100,0.392691917
35,50,200,0.449588069
45,50,200,0.676020985
55,50,200,0.082017088
65,50,200,0.790974486
35,50,10,0.998674051
45,50,10,0.299946349
55,50,10,0.448165816
65,50,10,0.703949386
35,50,50,0.434536761
45,50,50,0.370202215
55,50,50,0.594698181
65,50,50,0.65671426
35,50,100,0.712104458
45,50,100,0.564878506
55,50,100,0.615394978
65,50,100,0.093216805
35,50,200,0.708958789
45,50,200,0.473040577
55,50,200,0.543645321
65,50,200,0.695682735
35,50,10,0.940194497
45,50,10,0.4908021
55,50,10,0.565387981
65,50,10,0.90151836
35,50,50,0.898522231
45,50,50,0.446776953
55,50,50,0.616548871
65,50,50,0.471306907
35,50,100,0.749152845
45,50,100,0.077289956
55,50,100,0.357359809
65,50,100,0.519244437
35,50,200,0.720295508
45,50,200,0.578490064
55,50,200,0.172818419
65,50,200,0.976481708
35,75,10,0.185518021
45,75,10,0.174457886
55,75,10,0.255529535
65,75,10,0.56876445
35,75,50,0.107205347
45,75,50,0.419403526
55,75,50,0.43093201
65,75,50,0.835875723
35,75,100,0.745417671
45,75,100,0.819147424
55,75,100,0.449176962
65,75,100,0.504195223
35,75,200,0.893280965
45,75,200,0.199126828
55,75,200,0.737917881
65,75,200,0.9195797
35,75,10,0.398333885
45,75,10,0.286567606
55,75,10,0.838704899
65,75,10,0.740633517
35,75,50,0.981840151
45,75,50,0.554973893
55,75,50,0.292811287
65,75,50,0.950007609
35,75,100,0.23992138
45,75,100,0.408292728
55,75,100,0.19788173
65,75,100,0.0229691
35,75,200,0.105057513
45,75,200,0.44650793
55,75,200,0.495818564
65,75,200,0.366441649
35,50,10,0.850124564
45,50,10,0.681649391
55,50,10,0.215163515
65,50,10,0.465030555
35,50,50,0.644488529
45,50,50,0.403524123
55,50,50,0.452600407
65,50,50,0.033660653
35,50,100,0.833743359
45,50,100,0.445281448
55,50,100,0.464354119
65,50,100,0.478442468
35,50,200,0.196158655
45,50,200,0.346214261
55,50,200,0.717737223
65,50,200,0.390625851
35,50,10,0.920796018
45,50,10,0.210259345
55,50,10,0.75322706
65,50,10,0.018462166
35,50,50,-0.046095777
45,50,50,0.047102604
55,50,50,0.115142758
65,50,50,0.9328877
35,50,100,-0.047691417
45,50,100,0.345067707
55,50,100,0.53694912
65,50,100,0.435798384
35,50,200,0.789439273
45,50,200,0.470834216
55,50,200,0.478835814
65,50,200,0.807963059
35,75,10,0.858429607
45,75,10,0.314076356
55,75,10,0.190697416
65,75,10,0.384159764
35,75,50,0.176862603
45,75,50,0.020978438
55,75,50,0.312625182
65,75,50,0.668456369
35,75,100,0.123111218
45,75,100,0.195819675
55,75,100,0.326987638
65,75,100,0.596630428
35,75,200,0.926686072
45,75,200,0.756976959
55,75,200,0.231636617
65,75,200,0.626011662
35,75,10,0.214759723
45,75,10,0.07181594
55,75,10,0.149604895
65,75,10,-0.024493914
35,75,50,0.414160312
45,75,50,-0.035274262
55,75,50,0.19349184
65,75,50,0.074371453
35,75,100,0.270185661
45,75,100,-0.009569859
55,75,100,0.143303641
65,75,100,-0.04210437
35,75,200,0.558974822
45,75,200,-0.036796828
55,75,200,0.005535723
65,75,200,-0.058555957
35,0,10,0.826972268
45,0,10,0.403954238
55,0,10,0.815778658
35,0,50,0.715060677
45,0,50,0.242187499
55,0,50,0.216080278
35,0,100,0.058900227
45,0,100,0.256871519
55,0,100,0.604966645
35,0,200,0.69970819
45,0,200,0.66922278
55,0,200,0.107766215
35,0,10,0.79253299
45,0,10,0.745453096
55,0,10,0.130848882
35,0,50,0.139036357
45,0,50,0.386375857
55,0,50,0.052199289
35,0,100,0.652021208
45,0,100,0.694196959
55,0,100,0.396605102
35,0,200,0.358016841
45,0,200,0.699785786
55,0,200,0.842782696
35,25,10,0.941126213
45,25,10,0.921348163
55,25,10,0.354087718
35,25,50,0.799361266
45,25,50,0.624494823
55,25,50,0.048377448
35,25,100,0.620422489
45,25,100,0.688930935
55,25,100,0.165291184
35,25,200,0.085219449
45,25,200,0.056155396
55,25,200,0.182398578
35,25,10,0.020669969
45,25,10,0.919667174
55,25,10,-0.004553786
35,25,50,0.644046051
45,25,50,0.302833735
55,25,50,-0.013021495
35,25,100,0.948477433
45,25,100,0.047064922
55,25,100,-0.00927848
35,25,200,0.458673703
45,25,200,0.250783099
55,25,200,0.042423356
35,0,10,0.258057335
45,0,10,0.493382943
55,0,10,0.121159142
35,0,50,0.015407009
45,0,50,0.854311996
55,0,50,0.745920598
35,0,100,0.543574232
45,0,100,0.103613562
55,0,100,0.152300165
35,0,200,0.390480257
45,0,200,0.336571311
55,0,200,0.522949347
35,0,10,0.268023453
45,0,10,0.634729814
55,0,10,0.513886959
35,0,50,0.761050237
45,0,50,0.761934976
55,0,50,0.518671823
35,0,100,0.285554993
45,0,100,0.35390868
55,0,100,0.069473486
35,0,200,0.407750217
45,0,200,0.097950007
55,0,200,0.759805993
35,25,10,0.984516199
45,25,10,0.256836454
55,25,10,0.548339341
65,25,10,0.915565805
35,25,50,0.705736212
45,25,50,0.77011514
55,25,50,0.85360025
35,25,100,0.832754984
45,25,100,0.967416922
55,25,100,0.845027867
65,25,100,-0.049836566
35,25,200,0.127655374
45,25,200,0.66618345
55,25,200,0.048464347
35,25,10,0.958284844
45,25,10,0.876052958
55,25,10,0.653516037
65,25,10,0.958938725
35,25,50,0.509374386
45,25,50,0.68614126
55,25,50,0.107309077
35,25,100,0.413142549
45,25,100,0.584735231
55,25,100,0.056294644
35,25,200,0.640313736
45,25,200,0.660606687
55,25,200,0.156351134
65,25,200,0.499587905
35,25,10,0.99910534
45,25,10,0.781718679
55,25,10,0.888929892
65,25,10,-0.10323249
35,25,50,0.583944729
45,25,50,0.683737453
55,25,50,0.967437759
35,25,100,0.706101514
45,25,100,0.345064608
55,25,100,0.137368189
35,25,200,0.473759328
45,25,200,0.693098451
55,25,200,0.652904946
35,25,10,0.852536605
45,25,10,0.914894525
55,25,10,0.450032614
65,25,10,0.246644713
35,25,50,0.893885699
45,25,50,0.098502652
55,25,50,0.819711169
35,25,100,0.600298841
45,25,100,0.767050953
55,25,100,0.792116355
65,25,100,0.217605348
35,25,200,0.421133691
45,25,200,0.653541223
55,25,200,0.232986416
35,50,10,0.549546012
45,50,10,-0.0130892
55,50,10,-0.018339792
65,50,10,-0.040719952
35,50,50,-0.034393728
45,50,50,0.464243765
55,50,50,0.735004695
65,50,50,0.49097485
35,50,100,-0.055468746
45,50,100,0.889963268
55,50,100,-0.004970376
65,50,100,0.550040358
35,50,200,0.967802729
45,50,200,0.278464976
55,50,200,-0.049137224
65,50,200,-0.077180818
35,50,10,0.938227548
45,50,10,0.307072517
55,50,10,0.966638842
65,50,10,0.796761661
35,50,50,0.97185348
45,50,50,0.986840371
55,50,50,0.551618536
65,50,50,0.822375338
35,50,100,0.530011012
45,50,100,0.005071345
55,50,100,0.154265832
65,50,100,0.993328542
35,50,200,0.408216863
45,50,200,0.78401515
55,50,200,0.271795947
65,50,200,-0.062477872
35,25,10,0.101992409
45,25,10,0.626153162
55,25,10,0.243805538
65,25,10,0.841854121
35,25,50,0.414982593
45,25,50,0.444899186
55,25,50,0.714182625
65,25,50,0.294843254
35,25,100,0.474747114
45,25,100,0.508964746
55,25,100,0.028608949
65,25,100,0.997029191
35,25,200,0.183795998
45,25,200,0.285173816
55,25,200,0.436875062
35,25,10,0.938563094
45,25,10,0.533070023
55,25,10,0.572722806
65,25,10,0.9866677
35,25,50,0.553783969
45,25,50,0.629121257
55,25,50,0.343224297
65,25,50,0.983637236
35,25,100,0.601477584
45,25,100,0.857279588
55,25,100,0.69104021
65,25,100,0.49632279
35,25,200,0.554264147
45,25,200,0.761284348
55,25,200,0.405384739
65,25,200,0.986852576
35,50,10,-0.019012142
45,50,10,0.25003104
55,50,10,0.596338115
65,50,10,0.507813576
35,50,50,0.532294595
45,50,50,0.830349602
55,50,50,0.31734702
65,50,50,0.419419116
35,50,100,0.904778959
45,50,100,0.780722199
55,50,100,0.350723585
65,50,100,0.951878747
35,50,200,0.011502525
45,50,200,0.604583517
55,50,200,0.828353154
65,50,200,0.998919741
35,50,10,0.879699341
45,50,10,0.661161874
55,50,10,0.067186432
65,50,10,0.519540418
35,50,50,0.354572694
45,50,50,0.944704137
55,50,50,0.614986907
65,50,50,0.785773398
35,50,100,0.33572996
45,50,100,0.027875817
55,50,100,-0.00731527
65,50,100,0.448471625
35,50,200,0.459372643
45,50,200,0.545946137
55,50,200,0.199056938
65,50,200,-0.057828901
35,0,10,0.316056133
45,0,10,0.829382591
55,0,10,0.310812018
35,0,50,0.609334615
45,0,50,0.269315495
55,0,50,0.271876252
35,0,100,0.925450505
45,0,100,0.077074902
55,0,100,0.215699964
35,0,200,0.841380495
45,0,200,0.591611968
55,0,200,0.137185347
35,0,10,0.587076115
45,0,10,0.36002543
55,0,10,0.489929638
65,0,10,0.802835388
35,0,50,0.176129872
45,0,50,0.398929052
55,0,50,0.370307772
35,0,100,0.743514564
45,0,100,0.481615606
55,0,100,0.714096976
35,0,200,0.192632314
45,0,200,0.448542898
55,0,200,0.119583589
35,25,10,0.398003928
45,25,10,0.074093612
55,25,10,0.950385315
35,25,50,0.135566266
45,25,50,0.974992795
55,25,50,0.590723356
35,25,100,0.29985378
45,25,100,0.585638223
55,25,100,0.381843494
35,25,200,0.913086035
45,25,200,0.785643513
55,25,200,0.726302925
35,25,10,0.097677144
45,25,10,0.298960436
55,25,10,0.28313196
35,25,50,0.127565519
45,25,50,0.123790293
55,25,50,0.000911881
35,25,100,0.081974442
45,25,100,0.608495831
55,25,100,-0.006802805
35,25,200,0.037729047
45,25,200,0.312672648
55,25,200,0.223083535
35,0,10,0.159508355
45,0,10,0.531234953
55,0,10,0.353662274
65,0,10,0.873298613
35,0,50,0.336907422
45,0,50,0.149904121
55,0,50,0.32308601
35,0,100,0.207642947
45,0,100,0.501557768
55,0,100,0.60699915
35,0,200,0.216243434
45,0,200,0.275087171
55,0,200,0.384422328
35,0,10,0.295963925
45,0,10,0.376030889
55,0,10,0.524765627
65,0,10,0.029864315
35,0,50,0.247300524
45,0,50,0.098491019
55,0,50,0.110333871
65,0,50,0.098255653
35,0,100,0.123830312
45,0,100,0.255253788
55,0,100,0.123119624
65,0,100,-0.022887545
35,0,200,0.118839845
45,0,200,0.202067383
55,0,200,0.060044277
65,0,200,0.220634139
35,25,10,0.185542588
45,25,10,0.64569283
55,25,10,0.129788705
65,25,10,0.878159062
35,25,50,0.097227149
45,25,50,0.599254998
55,25,50,0.283024402
65,25,50,0.245287549
35,25,100,0.209864073
45,25,100,0.621226841
55,25,100,0.303008128
65,25,100,0.082387929
35,25,200,0.572116493
45,25,200,0.688709022
55,25,200,0.149031515
65,25,200,-0.109738022
35,25,10,0.811945186
45,25,10,0.236512662
55,25,10,0.117395716
65,25,10,0.993196929
35,25,50,0.365318039
45,25,50,0.606073891
55,25,50,0.62941089
65,25,50,-0.059917498
35,25,100,0.042753758
45,25,100,0.684501202
55,25,100,0.399426461
65,25,100,0.436337104
35,25,200,0.635432576
45,25,200,0.371484581
55,25,200,0.325350991
65,25,200,-0.114171339
35,25,10,0.70265226
45,25,10,0.150270141
55,25,10,0.245217276
65,25,10,0.573526574
35,25,50,0.728701841
45,25,50,0.451780183
55,25,50,0.2584873
65,25,50,-0.054441905
35,25,100,0.637983045
45,25,100,0.231938239
55,25,100,0.541499566
65,25,100,0.864938535
35,25,200,0.286539279
45,25,200,0.771153851
55,25,200,0.51124267
65,25,200,0.67789558
35,25,10,0.390212724
45,25,10,0.72321184
55,25,10,0.592919594
65,25,10,0.006239084
35,25,50,0.514529861
45,25,50,0.549022677
55,25,50,0.762926137
65,25,50,0.879007233
35,25,100,0.170781614
45,25,100,0.760022685
55,25,100,0.206933074
65,25,100,0.145915624
35,25,200,0.722654871
45,25,200,0.292822574
55,25,200,0.103427344
65,25,200,-0.074823278
35,50,10,0.918140058
45,50,10,0.396628587
55,50,10,0.270449212
65,50,10,0.565094914
35,50,50,0.594692561
45,50,50,0.257145519
55,50,50,0.699125268
65,50,50,0.56057668
35,50,100,0.993981362
45,50,100,0.772548734
55,50,100,0.18569916
65,50,100,0.707209072
35,50,200,0.466822056
45,50,200,0.398300254
55,50,200,0.529666772
65,50,200,0.51797284
35,50,10,0.97895429
45,50,10,0.204083925
55,50,10,0.466656474
65,50,10,0.917691768
35,50,50,0.603012939
45,50,50,0.246473804
55,50,50,0.543668642
65,50,50,0.831972909
35,50,100,0.631461011
45,50,100,0.686233504
55,50,100,0.202520392
65,50,100,0.529094576
35,50,200,0.903197754
45,50,200,0.412088323
55,50,200,0.1399909
65,50,200,0.761028125
35,25,10,0.078621068
45,25,10,0.228170861
55,25,10,0.614023866
65,25,10,0.997218315
35,25,50,0.045785751
45,25,50,0.769355393
55,25,50,0.511787203
65,25,50,0.406903546
35,25,100,-0.014972581
45,25,100,0.48257728
55,25,100,0.391560319
65,25,100,0.087087436
35,25,200,0.378310237
45,25,200,0.104495187
55,25,200,0.354363855
65,25,200,0.954389036
35,25,10,0.695934991
45,25,10,0.314169184
55,25,10,0.562732704
65,25,10,0.627367679
35,25,50,0.396955854
45,25,50,0.282226576
55,25,50,0.576075027
65,25,50,0.739644615
35,25,100,0.61107153
45,25,100,0.559095403
55,25,100,0.564082147
65,25,100,0.49601992
35,25,200,0.629824135
45,25,200,0.347507703
55,25,200,0.387373781
65,25,200,0.399235814
35,50,10,0.827335832
45,50,10,0.11489565
55,50,10,0.456245673
65,50,10,0.578276109
35,50,50,0.836760789
45,50,50,0.436628515
55,50,50,0.13530028
65,50,50,0.979743562
35,50,100,0.69664391
45,50,100,0.641148292
55,50,100,0.170703801
65,50,100,0.994027288
35,50,200,0.30513487
45,50,200,0.144364411
55,50,200,0.480500354
65,50,200,0.989175263
35,50,10,0.381288218
45,50,10,0.536396169
55,50,10,0.486092172
65,50,10,-0.037956909
35,50,50,0.158841124
45,50,50,0.668020186
55,50,50,0.021414078
65,50,50,0.65832811
35,50,100,0.541191593
45,50,100,0.36851653
55,50,100,0.340857884
65,50,100,0.143626098
35,50,200,0.187848901
45,50,200,0.44975004
55,50,200,0.251687097
65,50,200,0.129297063
35,25,10,0.761177301
45,25,10,0.464076476
55,25,10,0.440570878
65,25,10,0.938556104
35,25,50,0.204509118
45,25,50,0.520821817
55,25,50,0.215485437
65,25,50,0.99697085
35,25,100,-0.004436488
45,25,100,0.30945901
55,25,100,0.415357996
65,25,100,0.841554607
35,25,200,0.089439081
45,25,200,0.334781021
55,25,200,0.301722577
65,25,200,0.430273984
35,25,10,0.001813375
45,25,10,0.239694356
55,25,10,0.363590226
65,25,10,0.989346151
35,25,50,0.120832838
45,25,50,0.763009021
55,25,50,0.407053922
65,25,50,0.859533874
35,25,100,0.784314245
45,25,100,0.802229502
55,25,100,0.595027635
65,25,100,0.991777288
35,25,200,0.672549978
45,25,200,0.58686044
55,25,200,0.542607671
65,25,200,0.552003373
35,50,10,0.977530342
45,50,10,0.618637867
55,50,10,0.36236274
65,50,10,0.952855025
35,50,50,-0.064140116
45,50,50,0.443121084
55,50,50,0.392534535
65,50,50,0.996845953
35,50,100,0.84381343
45,50,100,0.106172379
55,50,100,0.258603143
65,50,100,0.747438068
35,50,200,0.253355565
45,50,200,0.85469163
55,50,200,0.322069255
65,50,200,0.994921772
35,50,10,0.90781553
45,50,10,0.5082831
55,50,10,0.341633648
65,50,10,0.653836846
35,50,50,0.794729987
45,50,50,0.098171159
55,50,50,0.586504593
65,50,50,0.700043291
35,50,100,0.572335346
45,50,100,0.22249132
55,50,100,0.383924375
65,50,100,0.296908677
35,50,200,0.384227655
45,50,200,0.202545457
55,50,200,0.182596219
65,50,200,0.645223069
35,25,10,0.206155513
45,25,10,0.307251666
55,25,10,0.740003091
65,25,10,0.410305518
35,25,50,0.369523196
45,25,50,0.497119599
55,25,50,0.474713091
65,25,50,0.654930378
35,25,100,0.921793325
45,25,100,0.166413281
55,25,100,0.181448207
65,25,100,0.939019137
35,25,200,0.587293286
45,25,200,0.615378769
55,25,200,0.418444465
65,25,200,-0.048870397
35,25,10,0.602395747
45,25,10,0.752577733
55,25,10,0.479882639
65,25,10,0.425021748
35,25,50,0.219891416
45,25,50,0.696838814
55,25,50,0.318238664
65,25,50,0.365367486
35,25,100,0.587811397
45,25,100,0.741623918
55,25,100,0.265668805
65,25,100,0.749810316
35,25,200,0.353536229
45,25,200,0.38867292
55,25,200,0.32753048
65,25,200,0.577553694
35,50,10,0.509195763
45,50,10,0.659505314
55,50,10,0.519726927
65,50,10,0.810476066
35,50,50,0.116002974
45,50,50,0.556134964
55,50,50,0.378067645
65,50,50,0.170604344
35,50,100,-0.006738913
45,50,100,0.322192388
55,50,100,0.417811389
65,50,100,0.825719307
35,50,200,0.533317471
45,50,200,0.765402759
55,50,200,0.725799324
65,50,200,0.611945969
35,50,10,0.8898378
45,50,10,0.801941134
55,50,10,0.740809154
65,50,10,0.506875913
35,50,50,0.411793243
45,50,50,0.141231374
55,50,50,0.354357172
65,50,50,0.809333603
35,50,100,0.57985498
45,50,100,0.612767955
55,50,100,0.222723697
65,50,100,0.025952573
35,50,200,0.657115601
45,50,200,0.351639492
55,50,200,0.340944609
65,50,200,0.739831949
35,50,10,0.545554539
45,50,10,0.395744612
55,50,10,0.349542129
65,50,10,0.668156896
35,50,50,0.716015117
45,50,50,0.522220232
55,50,50,0.272406271
65,50,50,0.77298189
35,50,100,-0.00890537
45,50,100,0.453073526
55,50,100,0.578785206
65,50,100,0.729767498
35,50,200,0.451249142
45,50,200,0.710760019
55,50,200,0.179658617
65,50,200,0.235918562
35,50,10,0.876073499
45,50,10,0.23850276
55,50,10,0.394438031
65,50,10,0.523467855
35,50,50,0.563147889
45,50,50,0.48673039
55,50,50,0.218763022
65,50,50,0.503571108
35,50,100,0.612271327
45,50,100,0.479141733
55,50,100,0.252640358
65,50,100,0.349814454
35,50,200,0.218084134
45,50,200,0.719305161
55,50,200,0.509811061
65,50,200,0.698815442
35,75,10,-0.0083042
45,75,10,0.388149818
55,75,10,0.170778942
65,75,10,0.207394819
35,75,50,0.214955788
45,75,50,0.146642817
55,75,50,0.105914222
65,75,50,-0.042354862
35,75,100,0.145207306
45,75,100,0.218944986
55,75,100,0.052473108
65,75,100,0.094201734
35,75,200,0.535766723
45,75,200,0.110643428
55,75,200,0.266678729
65,75,200,0.092617097
35,75,10,0.761017955
45,75,10,0.613541041
55,75,10,0.258403044
65,75,10,0.652959496
35,75,50,0.376962822
45,75,50,0.157999648
55,75,50,0.295434052
65,75,50,0.548699639
35,75,100,0.288037201
45,75,100,0.247011018
55,75,100,0.414261569
65,75,100,0.24031084
35,75,200,0.510592033
45,75,200,0.436204766
55,75,200,0.546151147
65,75,200,0.268775528
35,50,10,0.938536066
45,50,10,0.391591123
55,50,10,0.522639037
65,50,10,0.561760445
35,50,50,0.607473564
45,50,50,0.825055287
55,50,50,0.415403636
65,50,50,0.659159134
35,50,100,0.358200123
45,50,100,0.25340182
55,50,100,0.076697998
65,50,100,0.707573076
35,50,200,0.395314515
45,50,200,0.533139683
55,50,200,0.59151166
65,50,200,-0.008468417
35,50,10,0.041779919
45,50,10,0.29299848
55,50,10,0.380862319
65,50,10,0.435771549
35,50,50,0.6634045
45,50,50,0.668098819
55,50,50,0.483150718
65,50,50,0.613925784
35,50,100,0.621270609
45,50,100,0.406366176
55,50,100,0.462912156
65,50,100,0.650090583
35,50,200,0.077270667
45,50,200,0.2733514
55,50,200,0.554676194
65,50,200,0.401907149
35,75,10,0.875686009
45,75,10,0.141282445
55,75,10,0.315759444
65,75,10,0.613908578
35,75,50,0.128296122
45,75,50,0.365145145
55,75,50,0.365126419
65,75,50,0.339866277
35,75,100,0.079606502
45,75,100,0.8304851
55,75,100,0.459870999
65,75,100,0.794616374
35,75,200,0.574774789
45,75,200,0.233614876
55,75,200,0.183717639
65,75,200,0.637166195
35,75,10,0.806159011
45,75,10,0.811673066
55,75,10,0.48551866
65,75,10,0.124148911
35,75,50,0.882711547
45,75,50,0.76462389
55,75,50,0.397748459
65,75,50,0.195048298
35,75,100,0.768868777
45,75,100,0.01746542
55,75,100,0.209207961
65,75,100,0.392982303
35,75,200,-0.0729788
45,75,200,0.086127464
55,75,200,0.244029072
65,75,200,0.161880667
35,25,10,0.939564261
45,25,10,0.292680058
55,25,10,0.089521357
65,25,10,0.997910829
35,25,50,0.734888928
45,25,50,0.429128466
55,25,50,0.106378799
65,25,50,0.515079257
35,25,100,0.476343678
45,25,100,0.439121567
55,25,100,0.455281034
65,25,100,0.340222217
35,25,200,0.430976251
45,25,200,0.15295358
55,25,200,0.560087054
65,25,200,-0.068649927
35,25,10,0.924570323
45,25,10,0.016905966
55,25,10,0.465356142
65,25,10,0.914032278
35,25,50,-0.00459552
45,25,50,0.262961624
55,25,50,0.746537575
65,25,50,0.649621327
35,25,100,0.487346208
45,25,100,0.46494896
55,25,100,0.173673729
65,25,100,0.630950089
35,25,200,0.126203811
45,25,200,0.055051552
55,25,200,0.543395349
65,25,200,0.697975018
35,50,10,0.98864434
45,50,10,0.45495617
55,50,10,0.397854231
65,50,10,-0.034895361
35,50,50,-0.067472004
45,50,50,0.85155571
55,50,50,0.479572378
65,50,50,0.057283643
35,50,100,0.986897844
45,50,100,0.831879544
55,50,100,0.397701317
65,50,100,0.333932035
35,50,200,-0.057375303
45,50,200,0.073947424
55,50,200,0.644347589
65,50,200,0.982897129
35,50,10,0.945704597
45,50,10,0.654535867
55,50,10,0.316471067
65,50,10,0.769491886
35,50,50,0.289507421
45,50,50,0.211314334
55,50,50,0.340007376
65,50,50,0.692656593
35,50,100,-0.019756059
45,50,100,0.416028018
55,50,100,0.431029764
65,50,100,-0.045511319
35,50,200,0.320088492
45,50,200,0.532608494
55,50,200,0.067085839
65,50,200,0.189194383
35,25,10,0.813857511
45,25,10,0.758662841
55,25,10,0.119335286
65,25,10,0.26158004
35,25,50,0.58004804
45,25,50,0.824483343
55,25,50,0.830782496
35,25,100,0.645191407
45,25,100,0.134160489
55,25,100,-0.03038933
35,25,200,0.002196004
45,25,200,0.505135739
55,25,200,0.093124754
35,25,10,0.9370437
45,25,10,0.310130418
55,25,10,0.238746841
65,25,10,0.536738054
35,25,50,0.926612304
45,25,50,0.494712001
55,25,50,0.497976334
65,25,50,0.196922487
35,25,100,0.695767721
45,25,100,0.562035311
55,25,100,0.57832315
65,25,100,0.754411355
35,25,200,0.17113741
45,25,200,0.873479637
55,25,200,0.369597886
65,25,200,0.673523084
35,50,10,0.937200611
45,50,10,0.662918506
55,50,10,0.525255331
65,50,10,0.921353933
35,50,50,0.845987858
45,50,50,0.367155109
55,50,50,0.515641306
65,50,50,0.677392696
35,50,100,0.814060674
45,50,100,0.284313295
55,50,100,0.584045943
65,50,100,0.43349294
35,50,200,0.439989294
45,50,200,0.416315618
55,50,200,0.362577364
65,50,200,0.673872938
35,50,10,0.945652137
45,50,10,0.615834769
55,50,10,0.486648983
65,50,10,0.443328014
35,50,50,0.454241987
45,50,50,0.118793346
55,50,50,0.270830336
65,50,50,-0.04234284
35,50,100,0.45842314
45,50,100,0.118278663
55,50,100,0.15982383
65,50,100,0.456751377
35,50,200,0.51334126
45,50,200,0.426108937
55,50,200,0.181890285
65,50,200,0.470949776
35,50,10,0.930984268
45,50,10,0.16494355
55,50,10,0.680749718
65,50,10,0.828918043
35,50,50,0.846149033
45,50,50,0.547886724
55,50,50,0.180223503
65,50,50,0.897030977
35,50,100,0.205739704
45,50,100,0.107059132
55,50,100,0.453280982
65,50,100,0.538497908
35,50,200,0.335216246
45,50,200,0.884750482
55,50,200,0.439942948
65,50,200,-0.033722944
35,50,10,0.891676403
45,50,10,0.067209954
55,50,10,0.439935861
65,50,10,0.96500859
35,50,50,0.19933888
45,50,50,0.768525485
55,50,50,0.12003378
65,50,50,0.768776853
35,50,100,0.888748834
45,50,100,0.567929511
55,50,100,0.243264786
65,50,100,0.870423636
35,50,200,0.439771331
45,50,200,0.130122537
55,50,200,0.761792917
65,50,200,0.939024659
35,75,10,0.927028256
45,75,10,0.453723923
55,75,10,0.449877495
65,75,10,0.36274491
35,75,50,0.314881355
45,75,50,0.093766802
55,75,50,0.444770851
65,75,50,0.63361957
35,75,100,-0.032412466
45,75,100,0.575464745
55,75,100,0.444013555
65,75,100,0.223527867
35,75,200,0.47995289
45,75,200,0.368996725
55,75,200,0.212854964
65,75,200,0.011841074
35,75,10,0.617137713
45,75,10,0.75105526
55,75,10,0.209130499
65,75,10,0.732150858
35,75,50,0.487829071
45,75,50,0.665170031
55,75,50,0.503096497
65,75,50,0.458301022
35,75,100,0.299974171
45,75,100,0.339439227
55,75,100,0.342847787
65,75,100,0.354728563
35,75,200,0.64289322
45,75,200,0.249615653
55,75,200,0.100572131
65,75,200,0.155774115
35,50,10,0.283213343
45,50,10,0.441523405
55,50,10,0.561216026
65,50,10,0.350932176
35,50,50,0.457579702
45,50,50,0.450626902
55,50,50,0.436649116
65,50,50,0.346212663
35,50,100,0.654966675
45,50,100,0.534582635
55,50,100,0.36086571
65,50,100,0.861412284
35,50,200,0.767815051
45,50,200,0.506419022
55,50,200,0.510098679
65,50,200,0.915062675
35,50,10,0.43265906
45,50,10,0.749650726
55,50,10,0.322110597
65,50,10,0.505999352
35,50,50,0.045509846
45,50,50,0.307782044
55,50,50,0.403448035
65,50,50,0.57342911
35,50,100,0.563586518
45,50,100,0.476500024
55,50,100,0.457282085
65,50,100,0.330209068
35,50,200,-0.028339866
45,50,200,0.401375063
55,50,200,0.329345545
65,50,200,0.961812034
35,75,10,0.963815886
45,75,10,0.317856369
55,75,10,0.076324395
65,75,10,0.200423096
35,75,50,0.430615789
45,75,50,0.920128291
55,75,50,0.393487227
65,75,50,0.453207916
35,75,100,0.656629247
45,75,100,0.077499312
55,75,100,0.208178196
65,75,100,0.375299774
35,75,200,0.174357932
45,75,200,0.47504896
55,75,200,0.588284164
65,75,200,0.248282884
35,75,10,0.013731119
45,75,10,0.017763972
55,75,10,0.184373291
65,75,10,-0.034024755
35,75,50,-0.139494907
45,75,50,0.521724419
55,75,50,-0.00600882
65,75,50,-0.001248967
35,75,100,-0.059831516
45,75,100,0.008130432
55,75,100,0.02919548
65,75,100,0.377230787
35,75,200,0.038959632
45,75,200,0.141880521
55,75,200,0.131244583
65,75,200,-0.018928119
35,25,10,0.664004346
45,25,10,0.252184166
55,25,10,0.537005199
65,25,10,0.94525885
35,25,50,0.334238951
45,25,50,0.669070095
55,25,50,0.510215796
65,25,50,0.595684768
35,25,100,0.573701636
45,25,100,0.44633968
55,25,100,0.269147326
65,25,100,-0.134235318
35,25,200,0.219597178
45,25,200,0.930842481
55,25,200,0.16205079
65,25,200,0.251403889
35,25,10,-0.007543222
45,25,10,0.343377231
55,25,10,0.784310567
65,25,10,0.927132487
35,25,50,0.448336931
45,25,50,0.073573121
55,25,50,0.194337931
65,25,50,0.996732544
35,25,100,0.427328088
45,25,100,0.192913184
55,25,100,0.088824206
65,25,100,-0.003830238
35,25,200,-0.018440314
45,25,200,0.438791053
55,25,200,0.229883094
65,25,200,0.236454339
35,50,10,0.944506675
45,50,10,0.754813755
55,50,10,0.70701532
65,50,10,0.246904118
35,50,50,0.827713071
45,50,50,0.816588292
55,50,50,0.400858062
65,50,50,0.130486148
35,50,100,0.106359289
45,50,100,0.218448567
55,50,100,0.45168736
65,50,100,0.361285727
35,50,200,-0.026616284
45,50,200,0.568167505
55,50,200,0.625971307
65,50,200,0.831033422
35,50,10,0.884614699
45,50,10,0.943977134
55,50,10,0.546816736
65,50,10,-0.039707292
35,50,50,0.086444283
45,50,50,0.468824467
55,50,50,0.351320055
65,50,50,0.460822498
35,50,100,0.312911773
45,50,100,0.599229668
55,50,100,0.603038774
65,50,100,0.565373321
35,50,200,0.493549704
45,50,200,0.7213796
55,50,200,0.179410272
65,50,200,0.978921433
35,25,10,0.942432649
45,25,10,0.929833011
55,25,10,0.074918772
65,25,10,0.924710053
35,25,50,0.865439724
45,25,50,0.112886497
55,25,50,0.029834939
65,25,50,0.965015279
35,25,100,0.831232515
45,25,100,0.89349372
55,25,100,0.084359963
65,25,100,0.74963998
35,25,200,0.625180215
45,25,200,0.808715195
55,25,200,0.629273422
65,25,200,-0.064203621
35,25,10,0.283234645
45,25,10,0.029396171
55,25,10,0.130259606
65,25,10,0.982068274
35,25,50,0.13932833
45,25,50,0.38940687
55,25,50,0.323093585
65,25,50,0.739845489
35,25,100,0.536895853
45,25,100,0.286117865
55,25,100,0.381054391
65,25,100,0.012813979
35,25,200,0.572261671
45,25,200,0.56282223
55,25,200,0.092704234
65,25,200,0.053114728
35,50,10,0.700425808
45,50,10,0.520121419
55,50,10,0.813672681
65,50,10,0.925410393
35,50,50,0.589658804
45,50,50,0.709292525
55,50,50,0.51720222
65,50,50,0.655742731
35,50,100,0.82458172
45,50,100,0.533115308
55,50,100,0.711048599
65,50,100,0.73397692
35,50,200,0.575994875
45,50,200,0.43275746
55,50,200,0.554644085
65,50,200,0.669778962
35,50,10,0.818787838
45,50,10,0.837000063
55,50,10,0.50295464
65,50,10,0.848824886
35,50,50,0.700191913
45,50,50,0.819065775
55,50,50,0.60934363
65,50,50,0.792219514
35,50,100,0.549257618
45,50,100,0.27687936
55,50,100,0.521303682
65,50,100,0.746949274
35,50,200,0.646509576
45,50,200,0.602552131
55,50,200,0.521545471
65,50,200,0.877869642
35,50,10,0.997325902
45,50,10,0.314534552
55,50,10,0.736623875
65,50,10,0.034828482
35,50,50,0.440973661
45,50,50,0.062596508
55,50,50,0.21097358
65,50,50,0.446458742
35,50,100,0.998621271
45,50,100,0.328460755
55,50,100,0.431362927
65,50,100,0.451046236
35,50,200,-0.034655669
45,50,200,0.284906065
55,50,200,0.432670209
65,50,200,-0.001125054
35,50,10,0.989836476
45,50,10,0.718092727
55,50,10,0.426721879
65,50,10,0.972040734
35,50,50,0.839251144
45,50,50,0.592126849
55,50,50,0.053263218
65,50,50,0.993878524
35,50,100,0.920951137
45,50,100,0.677952455
55,50,100,0.74535715
65,50,100,0.528754413
35,50,200,0.085733792
45,50,200,0.691871951
55,50,200,0.944770117
65,50,200,0.546161716
35,75,10,0.754328485
45,75,10,0.746255928
55,75,10,0.356751069
65,75,10,0.063595667
35,75,50,0.829869884
45,75,50,0.560032214
55,75,50,0.415595086
65,75,50,-0.020532738
35,75,100,0.855548289
45,75,100,0.402469829
55,75,100,0.277196282
65,75,100,0.300969379
35,75,200,-0.127360895
45,75,200,0.326311527
55,75,200,0.500539163
65,75,200,0.326284797
35,75,10,0.981877603
45,75,10,0.961363927
55,75,10,0.678715242
65,75,10,0.347645588
35,75,50,0.709357909
45,75,50,0.216707969
55,75,50,0.667548744
65,75,50,0.363109966
35,75,100,0.998343501
45,75,100,0.341482315
55,75,100,0.398173161
65,75,100,0.770841121
35,75,200,0.045534905
45,75,200,0.737488138
55,75,200,0.396369244
65,75,200,0.718593845
35,50,10,0.903178177
45,50,10,0.171325443
55,50,10,0.145837131
65,50,10,0.926034391
35,50,50,0.625504359
45,50,50,0.619432156
55,50,50,0.200820804
65,50,50,0.151279468
35,50,100,0.680324757
45,50,100,0.720766145
55,50,100,0.447498568
65,50,100,0.836321277
35,50,200,0.446784956
45,50,200,0.879049966
55,50,200,0.314510906
65,50,200,0.903540872
35,50,10,0.771964517
45,50,10,0.24373062
55,50,10,0.583318336
65,50,10,0.221302581
35,50,50,0.742841978
45,50,50,0.14005914
55,50,50,0.172817109
65,50,50,0.888125803
35,50,100,0.698102855
45,50,100,0.527174764
55,50,100,0.791398894
65,50,100,0.791313623
35,50,200,0.652311813
45,50,200,0.346645755
55,50,200,0.444986114
65,50,200,-0.102347981
35,75,10,0.918362234
45,75,10,0.367522463
55,75,10,0.445147343
65,75,10,0.548581555
35,75,50,0.638208724
45,75,50,0.531631376
55,75,50,0.388481619
65,75,50,0.003606572
35,75,100,0.689521215
45,75,100,0.402038645
55,75,100,0.312388836
65,75,100,0.431610626
35,75,200,0.911719841
45,75,200,0.077643055
55,75,200,0.283672557
65,75,200,0.371457145
35,75,10,0.888261916
45,75,10,0.000879165
55,75,10,0.157201806
65,75,10,0.338162302
45,75,50,0.675208676
55,75,50,0.268365251
65,75,50,-0.012365469
35,75,100,0.640426027
45,75,100,0.192086905
55,75,100,0.485874866
65,75,100,0.213425975
35,75,200,0.09289791
45,75,200,0.824863536
55,75,200,0.429313982
65,75,200,0.877773271
35,25,10,0.55313807
45,25,10,0.440061575
55,25,10,0.360025277
35,25,50,0.843719189
45,25,50,0.360602905
55,25,50,0.251893353
35,25,100,0.045388473
45,25,100,0.941072106
55,25,100,0.133826912
35,25,200,0.317309945
45,25,200,0.5906718
55,25,200,0.289802986
35,25,10,0.557806356
45,25,10,0.247976368
55,25,10,0.213334624
35,25,50,0.432758209
45,25,50,0.514762356
55,25,50,0.812297302
35,25,100,0.961051545
45,25,100,0.19070002
55,25,100,0.142642226
65,25,100,0.436874732
35,25,200,0.734702315
45,25,200,0.26092205
55,25,200,0.089609986
35,50,10,0.62752475
45,50,10,0.810381762
55,50,10,0.157067125
65,50,10,0.990552313
35,50,50,0.821799581
45,50,50,0.949320554
55,50,50,0.293826274
65,50,50,0.851758562
35,50,100,0.959640417
45,50,100,0.353886275
55,50,100,0.526350312
65,50,100,0.810297108
35,50,200,0.494662008
45,50,200,0.696944513
55,50,200,0.819747429
65,50,200,0.818828644
35,50,10,0.947203126
45,50,10,0.683218678
55,50,10,0.333460386
65,50,10,-0.087460758
35,50,50,0.544606672
45,50,50,0.760558098
55,50,50,0.880470123
65,50,50,0.416851011
35,50,100,0.550910077
45,50,100,0.802136552
55,50,100,0.331454274
65,50,100,-0.07608436
35,50,200,0.821525441
45,50,200,0.790543556
55,50,200,0.54408622
65,50,200,0.965705141
35,25,10,0.43852581
45,25,10,0.869282479
55,25,10,0.684126786
35,25,50,0.287018734
45,25,50,0.110784653
55,25,50,0.244177961
35,25,100,0.567634512
45,25,100,0.400425704
55,25,100,0.271570606
35,25,200,0.036194443
45,25,200,0.317842076
55,25,200,0.094094076
35,25,10,0.860085124
45,25,10,0.132009583
55,25,10,0.098012573
65,25,10,0.925803312
35,25,50,0.577475043
45,25,50,0.662095636
55,25,50,0.055646631
65,25,50,0.4408678
35,25,100,0.185590217
45,25,100,0.465881883
55,25,100,0.346423844
65,25,100,-0.195815483
35,25,200,0.480187705
45,25,200,0.503085929
55,25,200,0.550569057
65,25,200,0.740275364
35,50,10,0.556580959
45,50,10,0.836122801
55,50,10,0.588659581
65,50,10,0.729817455
35,50,50,0.590744487
45,50,50,0.551077596
55,50,50,0.556670694
65,50,50,0.683887773
35,50,100,0.69135019
45,50,100,0.710647522
55,50,100,0.230414563
65,50,100,0.985528491
35,50,200,0.585903994
45,50,200,0.150773551
55,50,200,0.273026102
65,50,200,0.617593843
35,50,10,0.667218161
45,50,10,0.17493049
55,50,10,0.437766369
65,50,10,0.517681761
35,50,50,0.369271974
45,50,50,0.603023813
55,50,50,0.342497858
65,50,50,0.666993078
35,50,100,0.782870865
45,50,100,0.765914746
55,50,100,0.199757781
65,50,100,0.383633489
35,50,200,0.790135962
45,50,200,0.712943344
55,50,200,0.240602826
65,50,200,0.5871366
35,50,10,0.992111098
45,50,10,0.478518841
55,50,10,0.513232614
65,50,10,-0.030387901
35,50,50,0.521953564
45,50,50,0.732855619
55,50,50,0.28239267
65,50,50,0.625854119
35,50,100,0.442160151
45,50,100,0.053993307
55,50,100,0.304101228
65,50,100,0.322182293
35,50,200,0.700655635
45,50,200,0.582833284
55,50,200,0.241525508
65,50,200,0.737443587
35,50,10,0.729769083
45,50,10,0.819094835
55,50,10,0.601717783
65,50,10,0.035451676
35,50,50,0.620716756
45,50,50,0.294933464
55,50,50,0.882838659
65,50,50,-0.05910262
35,50,100,0.458686982
45,50,100,0.369391192
55,50,100,0.389794334
65,50,100,0.94872021
35,50,200,0.834403459
45,50,200,0.275779994
55,50,200,0.035490399
65,50,200,0.064476842
35,75,10,0.888217908
45,75,10,0.24107747
55,75,10,0.590508873
65,75,10,0.439634794
35,75,50,0.719455501
45,75,50,0.41442681
55,75,50,0.431357421
65,75,50,0.287938884
35,75,100,0.94323875
45,75,100,0.537725273
55,75,100,0.344596962
65,75,100,0.460672122
35,75,200,0.419589678
45,75,200,0.751294609
55,75,200,0.184557222
65,75,200,0.466535972
35,75,10,0.903835602
45,75,10,0.759631635
55,75,10,0.433605336
65,75,10,0.324268148
35,75,50,0.226209398
45,75,50,0.392327956
55,75,50,0.320363988
65,75,50,0.262000604
35,75,100,0.483033135
45,75,100,0.872621322
55,75,100,0.418768754
65,75,100,0.54868656
35,75,200,0.751116992
45,75,200,0.329335504
55,75,200,0.398819388
65,75,200,0.877609383
35,50,10,0.909654933
45,50,10,0.074209725
55,50,10,0.784455661
65,50,10,0.838896923
35,50,50,0.155183549
45,50,50,0.601964915
55,50,50,0.199361179
65,50,50,0.644015551
35,50,100,0.714780277
45,50,100,0.196773916
55,50,100,0.487122934
65,50,100,0.166608744
35,50,200,0.605560191
45,50,200,0.989020925
55,50,200,0.070232511
65,50,200,0.878013769
35,50,10,0.989105782
45,50,10,0.918780126
55,50,10,0.523246361
65,50,10,0.834563523
35,50,50,0.86784583
45,50,50,0.249692684
55,50,50,0.223607891
65,50,50,-0.043583476
35,50,100,0.721706675
45,50,100,0.170586398
55,50,100,0.154295676
65,50,100,0.04899555
35,50,200,0.711286475
45,50,200,0.076146506
55,50,200,0.038755408
65,50,200,-0.00113448
35,75,10,0.927403151
45,75,10,0.737327354
55,75,10,0.534779712
65,75,10,0.086709755
35,75,50,0.575617242
45,75,50,0.350171695
55,75,50,0.22109226
65,75,50,0.556068784
35,75,100,0.677988981
45,75,100,0.104326598
55,75,100,0.46505861
65,75,100,0.55990905
45,75,200,0.227840808
55,75,200,0.588039932
65,75,200,0.232085846
35,75,10,0.963901368
45,75,10,0.641651491
55,75,10,0.270520061
65,75,10,0.443945891
45,75,50,0.058380789
55,75,50,0.29702573
65,75,50,0.717566691
35,75,100,0.348970687
45,75,100,0.032269666
55,75,100,0.363471616
65,75,100,0.791773327
45,75,200,0.302491911
55,75,200,0.209075088
65,75,200,0.022972987
35,50,10,0.067316098
45,50,10,0.282600026
55,50,10,0.274627278
65,50,10,0.409635308
35,50,50,0.944400393
45,50,50,0.372403449
55,50,50,0.034985182
65,50,50,0.28307078
35,50,100,0.185835646
45,50,100,0.414894595
55,50,100,0.205516847
65,50,100,0.558303333
35,50,200,0.25752421
45,50,200,0.202099471
55,50,200,0.038009429
65,50,200,0.524718049
35,50,10,0.075600479
45,50,10,0.918351681
55,50,10,0.300309283
65,50,10,0.993854433
35,50,50,0.449833836
45,50,50,0.445897188
55,50,50,0.382855173
65,50,50,0.246582722
35,50,100,0.148310582
45,50,100,0.650826548
55,50,100,0.182536172
65,50,100,0.189461222
35,50,200,-0.030916364
45,50,200,0.675032881
55,50,200,0.157989707
65,50,200,0.641560452
35,75,10,0.975118422
45,75,10,0.590506589
55,75,10,0.602158436
65,75,10,0.266216347
35,75,50,0.808650105
45,75,50,0.517763389
55,75,50,0.406947521
65,75,50,0.698741224
35,75,100,-0.104600123
45,75,100,0.494208543
55,75,100,0.361959758
65,75,100,0.696726577
35,75,200,0.76063897
45,75,200,0.690717849
55,75,200,0.250021557
65,75,200,0.420974571
35,75,10,0.894887274
45,75,10,0.697455561
55,75,10,0.522823813
65,75,10,0.012215346
35,75,50,0.697055987
45,75,50,0.229716067
55,75,50,0.40665816
65,75,50,0.073126696
35,75,100,0.72618024
45,75,100,0.674333508
55,75,100,0.417775516
65,75,100,0.448371763
45,75,200,0.321180089
55,75,200,0.317006345
65,75,200,0.203858991
35,50,10,0.529233909
45,50,10,-0.017069805
55,50,10,0.091308183
65,50,10,-0.078533753
35,50,50,0.89178121
45,50,50,-0.032515599
55,50,50,0.619193668
65,50,50,-0.095212172
35,50,100,0.020976486
45,50,100,0.389509738
55,50,100,0.016219185
65,50,100,-0.093962009
35,50,200,0.028696805
45,50,200,0.125418247
55,50,200,-0.022746484
65,50,200,0.583303675
35,50,10,0.392976474
45,50,10,0.261330395
55,50,10,0.065460939
65,50,10,0.050080354
35,50,50,0.152851662
45,50,50,-0.004951931
55,50,50,-0.002345414
65,50,50,-0.056136098
35,50,100,-0.026075421
45,50,100,0.131734941
55,50,100,0.037312142
65,50,100,-0.061906782
35,50,200,0.195829044
45,50,200,0.0544162
55,50,200,0.031494456
65,50,200,-0.0169846
35,75,10,0.980008489
45,75,10,0.095835597
55,75,10,0.308396619
65,75,10,0.335928704
35,75,50,-0.217892285
45,75,50,0.39354275
55,75,50,0.516342724
65,75,50,0.2535366
35,75,100,0.733875305
45,75,100,0.453754486
55,75,100,0.426118414
65,75,100,0.18708613
35,75,200,0.203338191
45,75,200,0.584768998
55,75,200,0.430457411
65,75,200,0.008208836
35,75,10,0.716277977
45,75,10,0.06802455
55,75,10,0.480262548
65,75,10,0.385406205
45,75,50,0.150347603
55,75,50,0.503049793
65,75,50,0.17370805
35,75,100,0.736342927
45,75,100,0.063481593
55,75,100,0.246514658
65,75,100,0.745192092
35,75,200,0.80160068
45,75,200,-0.051233473
55,75,200,0.258951321
65,75,200,0.169206179
35,75,10,0.64510687
45,75,10,0.19253916
55,75,10,0.062603881
65,75,10,-0.041506928
35,75,50,0.436245662
45,75,50,0.086799848
55,75,50,0.083540107
65,75,50,0.026998395
35,75,100,0.173577676
45,75,100,0.223015478
55,75,100,0.033609911
65,75,100,0.00588182
35,75,200,0.100759792
45,75,200,-0.024860555
55,75,200,0.092382877
65,75,200,0.099232888
35,75,10,0.049482526
45,75,10,0.298353967
55,75,10,0.091525395
65,75,10,0.220177509
35,75,50,0.305120009
45,75,50,0.026942541
55,75,50,0.3645956
65,75,50,0.2747318
35,75,100,0.34434253
45,75,100,0.078239103
55,75,100,0.258832612
65,75,100,0.050710512
35,75,200,0.059309018
45,75,200,0.046354213
55,75,200,0.030331356
65,75,200,-0.03486654
35,100,10,0.151539838
45,100,10,0.087786758
55,100,10,0.042481913
65,100,10,0.366745377
35,100,50,0.596082472
45,100,50,-0.018985201
55,100,50,0.243784273
65,100,50,0.107674101
35,100,100,0.026560448
45,100,100,0.011480095
55,100,100,-0.002842603
65,100,100,0.003249948
35,100,200,-0.214696922
45,100,200,-0.025390501
55,100,200,-0.017866267
65,100,200,-0.016755025
35,100,10,0.028262484
45,100,10,0.343096149
55,100,10,0.063221666
65,100,10,0.23753996
35,100,50,0.174861403
45,100,50,-0.024241227
55,100,50,0.121057635
65,100,50,0.103499478
35,100,100,-0.146671142
45,100,100,0.04123982
55,100,100,0.180738928
65,100,100,0.111767559
35,100,200,0.360154308
45,100,200,0.101499392
55,100,200,0.171871008
65,100,200,0.068802574
35,75,10,0.77357813
45,75,10,0.129980244
55,75,10,0.081770286
65,75,10,0.109538375
35,75,50,0.576309759
45,75,50,0.726750601
55,75,50,0.199887981
65,75,50,0.344965987
35,75,100,0.646731538
45,75,100,0.387353076
55,75,100,0.20861428
65,75,100,0.385466428
35,75,200,0.173160098
45,75,200,0.435284827
55,75,200,0.152265723
65,75,200,0.255568205
35,75,10,0.679297873
45,75,10,0.928977975
55,75,10,0.17998935
65,75,10,0.555054602
35,75,50,0.332251509
45,75,50,0.59994418
55,75,50,0.227864424
65,75,50,0.389078477
35,75,100,0.679675565
45,75,100,0.561717199
55,75,100,0.588655681
65,75,100,0.311259863
35,75,200,0.824254382
45,75,200,0.711102467
55,75,200,0.109229934
65,75,200,0.605762824
35,100,10,0.707398167
45,100,10,0.095300918
55,100,10,0.35260153
65,100,10,0.320990432
35,100,50,0.058531166
45,100,50,0.082526131
55,100,50,0.543151413
65,100,50,0.429158672
35,100,100,0.77247244
45,100,100,0.347554518
55,100,100,0.237272222
65,100,100,0.351553884
35,100,200,0.285255414
45,100,200,0.199877151
55,100,200,0.223836622
65,100,200,0.279548144
35,100,10,0.958059573
45,100,10,0.680294697
55,100,10,0.501521478
65,100,10,0.143515291
35,100,50,0.683932992
45,100,50,0.448373182
55,100,50,0.286821699
65,100,50,0.166873504
35,100,100,0.419667578
45,100,100,0.108454782
55,100,100,0.249014695
65,100,100,0.291780831
35,100,200,0.798640265
45,100,200,0.125907619
55,100,200,0.226724731
65,100,200,0.386478508
35,50,10,0.844116559
45,50,10,0.228525834
55,50,10,0.058229166
65,50,10,0.77359086
35,50,50,0.77819304
45,50,50,0.66291799
55,50,50,0.500363165
65,50,50,0.096411233
35,50,100,0.439629222
45,50,100,0.75608745
55,50,100,0.239980592
65,50,100,0.461324156
35,50,200,0.685323953
45,50,200,0.177746006
55,50,200,0.423298142
65,50,200,0.118983342
35,50,10,0.834663866
45,50,10,0.645222667
55,50,10,0.319478978
65,50,10,0.513349297
35,50,50,0.67265521
45,50,50,0.383706385
55,50,50,0.890978526
65,50,50,0.141918481
35,50,100,-0.031259413
45,50,100,0.601824011
55,50,100,0.095064133
65,50,100,0.71652147
35,50,200,0.423805636
45,50,200,0.655445807
55,50,200,0.517590514
65,50,200,0.166357247
35,75,10,0.610889347
45,75,10,0.59944611
55,75,10,0.591715797
65,75,10,0.707981282
35,75,50,0.364739425
45,75,50,0.496656854
55,75,50,0.32895422
65,75,50,0.802814931
35,75,100,0.524855028
45,75,100,0.619998808
55,75,100,0.291340378
65,75,100,0.611060132
35,75,200,0.602142261
45,75,200,0.30762252
55,75,200,0.74194955
65,75,200,0.337839185
35,75,10,0.817688726
45,75,10,0.783763021
55,75,10,0.496491086
65,75,10,0.354954299
35,75,50,-0.035012429
45,75,50,0.823562502
55,75,50,0.564488387
65,75,50,0.789603689
35,75,100,0.544414468
45,75,100,0.379908568
55,75,100,0.690884772
65,75,100,0.52980226
35,75,200,0.553576885
45,75,200,0.317344656
55,75,200,0.488793025
65,75,200,0.4822503
35,50,10,0.992345103
45,50,10,0.206539385
55,50,10,0.333205987
65,50,10,0.593153364
35,50,50,0.488640677
45,50,50,0.100579149
55,50,50,0.026164174
65,50,50,-0.34585252
35,50,100,0.817807642
45,50,100,0.396371329
55,50,100,0.927596895
65,50,100,0.926399321
35,50,200,0.87296916
45,50,200,0.680628605
55,50,200,0.336157228
65,50,200,0.973041289
35,50,10,-0.008644961
45,50,10,0.750458092
55,50,10,0.344643747
65,50,10,0.847525827
35,50,50,0.570271209
45,50,50,0.427190698
55,50,50,0.781244679
65,50,50,0.497036454
35,50,100,0.785443386
45,50,100,0.308658916
55,50,100,0.54114045
65,50,100,0.602210406
35,50,200,0.658093968
45,50,200,0.667396748
55,50,200,0.339310051
65,50,200,0.156586853
35,75,10,-0.005080157
45,75,10,0.695717934
55,75,10,0.517563587
65,75,10,0.892391616
35,75,50,0.747233093
45,75,50,0.640791704
55,75,50,0.459373861
65,75,50,0.684535721
35,75,100,0.39912504
45,75,100,0.41803348
55,75,100,0.784152245
65,75,100,0.395140017
35,75,200,0.629491177
45,75,200,0.441607383
55,75,200,0.521891291
65,75,200,0.5933731
35,75,10,0.587486415
45,75,10,0.49230273
55,75,10,0.370955611
65,75,10,0.18897896
35,75,50,0.908275626
45,75,50,0.854812693
55,75,50,0.343971695
65,75,50,0.144256813
35,75,100,0.585851387
45,75,100,0.368652107
55,75,100,0.591929494
65,75,100,0.372251385
35,75,200,0.374957759
45,75,200,0.066236818
55,75,200,0.570908671
65,75,200,0.173957848
35,75,10,0.766565599
45,75,10,0.549382013
55,75,10,0.334700152
65,75,10,0.514509221
35,75,50,0.944127198
45,75,50,0.465808542
55,75,50,0.285761301
65,75,50,0.309350732
35,75,100,0.842379698
45,75,100,0.813573971
55,75,100,0.521700506
65,75,100,0.333469772
35,75,200,0.832732804
45,75,200,0.500436371
55,75,200,0.445669144
65,75,200,0.186227451
35,75,10,0.931695282
45,75,10,0.923106903
55,75,10,0.4924674
65,75,10,0.720547297
35,75,50,0.773311723
45,75,50,0.972711323
55,75,50,0.556984713
65,75,50,0.025238085
35,75,100,0.806686164
45,75,100,0.085610106
55,75,100,0.85387302
65,75,100,0.306112196
35,75,200,0.601298947
45,75,200,0.551566926
55,75,200,0.494307219
65,75,200,0.846604023
35,100,10,0.938488216
45,100,10,0.198386202
55,100,10,0.36377529
65,100,10,0.283745704
35,100,50,0.892174275
45,100,50,0.617330724
55,100,50,0.463604263
65,100,50,0.328916185
35,100,100,0.684112572
45,100,100,0.554130098
55,100,100,0.272067038
65,100,100,0.446409448
35,100,200,0.428370141
45,100,200,0.107263211
55,100,200,0.447569287
65,100,200,0.589793876
35,100,10,0.989806456
45,100,10,0.574666834
55,100,10,0.38896055
65,100,10,0.402881339
35,100,50,0.49429178
45,100,50,0.849641058
55,100,50,0.462670229
65,100,50,0.620998211
35,100,100,0.827774799
45,100,100,0.066575373
55,100,100,0.509258804
65,100,100,0.302450384
35,100,200,0.609716215
45,100,200,0.699811328
55,100,200,0.272926117
65,100,200,0.320971973
35,75,10,0.991602706
45,75,10,0.654976613
55,75,10,0.212551956
65,75,10,0.567026431
35,75,50,0.770331245
45,75,50,0.19949043
55,75,50,0.191679935
65,75,50,0.470958774
35,75,100,0.672803286
45,75,100,0.079115262
55,75,100,0.345085342
65,75,100,0.477255077
35,75,200,0.441720266
45,75,200,0.270036423
55,75,200,0.316524874
65,75,200,0.770478697
35,75,10,0.958234414
45,75,10,0.636836103
55,75,10,0.524288883
65,75,10,0.536504605
35,75,50,0.099467248
45,75,50,0.666488175
55,75,50,0.375779119
65,75,50,0.572235477
35,75,100,-0.093563809
45,75,100,0.197223697
55,75,100,0.502719078
65,75,100,0.355414898
35,75,200,0.638783765
45,75,200,0.803197623
55,75,200,0.097936519
65,75,200,0.419791862
35,100,10,0.327900282
45,100,10,0.055738615
55,100,10,0.131839562
65,100,10,0.099711601
35,100,50,0.351575087
45,100,50,0.498962315
55,100,50,0.195191668
65,100,50,0.225223139
35,100,100,-0.036618183
45,100,100,0.073700437
55,100,100,0.125249321
65,100,100,0.123498141
35,100,200,-0.10358449
45,100,200,0.354826365
55,100,200,0.0623728
65,100,200,0.338105106
35,100,10,0.002354975
45,100,10,0.205979083
55,100,10,0.202678741
65,100,10,-0.018494735
35,100,50,0.214282361
45,100,50,0.657585795
55,100,50,0.29693784
65,100,50,0.023577553
35,100,100,-0.102195071
45,100,100,0.034902113
55,100,100,0.192071564
65,100,100,0.061695561
35,100,200,-0.074827869
45,100,200,0.016063423
55,100,200,0.251075635
65,100,200,0.185809459
35,25,10,0.428987861
45,25,10,0.569013097
55,25,10,0.184881331
65,25,10,0.257658364
35,25,50,0.444060708
45,25,50,0.369532923
55,25,50,0.176341104
65,25,50,0.008782378
35,25,100,0.356379712
45,25,100,0.550222342
55,25,100,0.160092125
65,25,100,0.451050057
35,25,200,0.566992502
45,25,200,0.290470631
55,25,200,0.472544976
65,25,200,0.573528047
35,25,10,0.903283373
45,25,10,0.698721425
55,25,10,0.789115408
65,25,10,0.886198052
35,25,50,0.923217023
45,25,50,0.598925906
55,25,50,0.08166805
65,25,50,0.643944896
35,25,100,0.518780413
45,25,100,0.417872052
55,25,100,0.031253987
65,25,100,0.564913863
35,25,200,0.731420743
45,25,200,0.524276036
55,25,200,0.550468989
65,25,200,0.995129176
35,50,10,0.434568357
45,50,10,0.915796825
55,50,10,0.571077992
65,50,10,0.874272688
35,50,50,0.755011626
45,50,50,0.554977462
55,50,50,0.625916344
65,50,50,0.600629482
35,50,100,0.850896046
45,50,100,0.746025615
55,50,100,0.601350602
65,50,100,0.687248021
35,50,200,0.795768148
45,50,200,0.519466024
55,50,200,0.620495172
65,50,200,0.661727237
35,50,10,0.901255638
45,50,10,0.296198488
55,50,10,0.493278165
65,50,10,0.499692236
35,50,50,0.518824268
45,50,50,0.519079204
55,50,50,0.303875111
65,50,50,0.392142033
35,50,100,0.724227592
45,50,100,0.706535923
55,50,100,0.373958463
65,50,100,0.403482268
35,50,200,0.613260771
45,50,200,0.506706642
55,50,200,0.463382539
65,50,200,0.422698572
35,25,10,0.567717397
45,25,10,0.714443448
55,25,10,0.000943932
65,25,10,0.981096233
35,25,50,0.621120806
45,25,50,0.083108489
55,25,50,0.000954221
35,25,100,0.042935845
45,25,100,0.734189825
55,25,100,0.071374654
35,25,200,0.277161174
45,25,200,0.160355144
55,25,200,0.094010904
65,25,200,0.647790846
35,25,10,0.387534023
45,25,10,0.476879075
55,25,10,0.096788358
65,25,10,0.07841362
35,25,50,0.538350367
45,25,50,0.228991872
55,25,50,0.141722042
65,25,50,0.363729221
35,25,100,0.633661175
45,25,100,0.712733114
55,25,100,0.447005281
65,25,100,0.441088616
35,25,200,0.168070138
45,25,200,0.804232172
55,25,200,0.40658815
65,25,200,0.715608371
35,50,10,0.844938034
45,50,10,0.927150539
55,50,10,0.362873101
65,50,10,0.62718844
35,50,50,0.209429199
45,50,50,0.463885296
55,50,50,0.638556941
65,50,50,0.573819225
35,50,100,0.453050519
45,50,100,0.911892802
55,50,100,0.645997264
65,50,100,0.130905004
35,50,200,0.393103799
45,50,200,0.879222927
55,50,200,0.611434234
65,50,200,0.049244403
35,50,10,0.726528305
45,50,10,0.667651284
55,50,10,0.54370384
65,50,10,0.656660736
35,50,50,0.252574229
45,50,50,0.705237171
55,50,50,0.647915868
65,50,50,0.704258441
35,50,100,0.278186562
45,50,100,0.54288143
55,50,100,0.687609743
65,50,100,0.681870246
35,50,200,0.864896091
45,50,200,0.745928668
55,50,200,0.257449722
65,50,200,0.129240262
35,50,10,0.468677331
45,50,10,0.586761112
55,50,10,0.22189806
65,50,10,0.456295676
35,50,50,0.645960245
45,50,50,0.298330709
55,50,50,0.399638664
65,50,50,0.677258748
35,50,100,0.67038406
45,50,100,0.748094797
55,50,100,0.593989661
65,50,100,0.556093623
35,50,200,-0.002924374
45,50,200,0.19912295
55,50,200,0.31255094
65,50,200,0.71220073
35,50,10,0.849895362
45,50,10,0.942200615
55,50,10,0.324352992
65,50,10,0.9942518
35,50,50,0.28117631
45,50,50,0.867993065
55,50,50,0.791580625
65,50,50,0.122959251
35,50,100,0.761134914
45,50,100,0.817226322
55,50,100,0.657237213
65,50,100,0.981170896
35,50,200,-0.08604985
45,50,200,0.758955659
55,50,200,0.72556484
65,50,200,0.990296235
35,75,10,0.868006738
45,75,10,0.441292168
55,75,10,0.423827741
65,75,10,0.536910087
35,75,50,0.838764814
45,75,50,0.358097927
55,75,50,0.210842109
65,75,50,0.081049952
35,75,100,0.181117893
45,75,100,0.56176981
55,75,100,0.287479612
65,75,100,0.260449415
35,75,200,-0.195148249
45,75,200,0.202545353
55,75,200,0.09244866
65,75,200,0.735139087
35,75,10,0.968660224
45,75,10,0.419289317
55,75,10,0.584623943
65,75,10,0.488746468
35,75,50,0.625354917
45,75,50,0.435167228
55,75,50,0.353942101
65,75,50,0.89862833
35,75,100,0.955336299
45,75,100,0.447399371
55,75,100,0.373918371
65,75,100,0.503592712
35,75,200,0.579533377
45,75,200,0.326944352
55,75,200,0.344978165
65,75,200,0.47719156
35,50,10,0.742262139
45,50,10,0.574067912
55,50,10,0.592453297
65,50,10,0.777471837
35,50,50,0.728034762
45,50,50,0.500055827
55,50,50,0.193970218
65,50,50,0.076998814
35,50,100,0.369373658
45,50,100,0.690188291
55,50,100,0.60717039
65,50,100,0.102347563
35,50,200,0.544348077
45,50,200,0.30541209
55,50,200,0.333190097
65,50,200,0.968512763
35,50,10,0.958427455
45,50,10,0.736091098
55,50,10,0.87422268
65,50,10,0.999211274
35,50,50,0.25652551
45,50,50,0.186130263
55,50,50,0.050630819
65,50,50,0.656040468
35,50,100,0.773420336
45,50,100,0.762112007
55,50,100,0.185903465
65,50,100,0.953425628
35,50,200,0.833923207
45,50,200,0.209397905
55,50,200,0.4965719
65,50,200,0.964102548
35,75,10,0.307196897
45,75,10,0.234174698
55,75,10,0.379271311
65,75,10,0.465658538
35,75,50,0.930871337
45,75,50,0.21585797
55,75,50,0.728467333
65,75,50,0.662426845
35,75,100,0.94740709
45,75,100,0.187047036
55,75,100,0.349753011
65,75,100,0.537298755
35,75,200,0.548501756
45,75,200,0.616569255
55,75,200,0.405097857
65,75,200,0.992622284
35,75,10,0.516147752
45,75,10,0.718308455
55,75,10,0.25050635
65,75,10,0.463876092
35,75,50,0.768418174
45,75,50,0.179995007
55,75,50,0.4806057
65,75,50,0.309178974
35,75,100,0.574668935
45,75,100,0.22963963
55,75,100,0.278183545
65,75,100,0.432275677
35,75,200,-0.066652891
45,75,200,0.223178436
55,75,200,0.281080613
65,75,200,0.231444457
35,25,10,0.94082862
45,25,10,0.547877864
55,25,10,0.795944136
35,25,50,0.668524447
45,25,50,0.853044103
55,25,50,0.587210531
35,25,100,0.741323749
45,25,100,0.855035327
55,25,100,0.885160014
35,25,200,0.7773255
45,25,200,0.37770029
55,25,200,0.215063359
35,25,10,0.071414034
45,25,10,0.207820648
55,25,10,0.191162161
65,25,10,0.813660459
35,25,50,0.995670264
45,25,50,0.340844646
55,25,50,0.324789773
35,25,100,0.019890911
45,25,100,0.84528023
55,25,100,0.39551103
65,25,100,0.843167488
35,25,200,0.933557259
45,25,200,0.142892627
55,25,200,0.373383535
35,50,10,0.851407172
45,50,10,0.294499975
55,50,10,0.084350585
65,50,10,0.391516963
35,50,50,-0.145466707
45,50,50,0.050726564
55,50,50,0.000307631
65,50,50,0.815354475
35,50,100,0.839988442
45,50,100,0.429287802
55,50,100,0.008934066
65,50,100,0.487764481
35,50,200,0.828876317
45,50,200,-0.016483598
55,50,200,0.292905496
65,50,200,-0.042106719
35,50,10,0.802582061
45,50,10,0.877881561
55,50,10,0.52251114
65,50,10,0.830985122
35,50,50,0.58971189
45,50,50,0.75696732
55,50,50,0.436906467
65,50,50,0.067169333
35,50,100,0.510397595
45,50,100,0.659302508
55,50,100,0.720933885
65,50,100,0.68007399
35,50,200,0.667163984
45,50,200,0.734552914
55,50,200,0.700070785
65,50,200,0.703475881
35,25,10,0.941734934
45,25,10,0.876466416
55,25,10,0.031133483
35,25,50,0.622703497
45,25,50,0.412384542
55,25,50,0.899384593
35,25,100,0.033994254
45,25,100,0.578025695
55,25,100,0.134475918
35,25,200,0.566511129
45,25,200,0.965097837
55,25,200,0.204662658
35,25,10,0.89993393
45,25,10,0.077745939
55,25,10,0.469511167
65,25,10,0.889385596
35,25,50,0.666563568
45,25,50,0.592014476
55,25,50,0.747289241
65,25,50,-0.088513064
35,25,100,0.52617174
45,25,100,0.806496713
55,25,100,0.322392812
65,25,100,0.268061393
35,25,200,0.609668277
45,25,200,0.710215591
55,25,200,0.183678624
65,25,200,0.208948984
35,50,10,0.014839325
45,50,10,0.45819045
55,50,10,0.713833598
65,50,10,0.699194481
35,50,50,0.73222661
45,50,50,0.826452193
55,50,50,0.679809813
65,50,50,0.643741097
35,50,100,-0.022945711
45,50,100,0.574370389
55,50,100,0.647537231
65,50,100,0.642623064
35,50,200,0.624513369
45,50,200,0.305960913
55,50,200,0.644997591
65,50,200,0.594950687
35,50,10,0.558101166
45,50,10,0.631507873
55,50,10,0.469123714
65,50,10,0.732307951
35,50,50,-0.057730461
45,50,50,0.612097916
55,50,50,0.565348904
65,50,50,0.776877921
35,50,100,0.659821737
45,50,100,0.537128464
55,50,100,0.405263853
65,50,100,0.589254987
35,50,200,-0.024639465
45,50,200,0.606736922
55,50,200,0.402701262
65,50,200,0.634682484
35,50,10,0.877917261
45,50,10,0.991263855
55,50,10,0.780549331
65,50,10,0.988043501
35,50,50,0.142047525
45,50,50,0.844548871
55,50,50,0.591856402
65,50,50,-0.017064337
35,50,100,0.642054853
45,50,100,0.454887951
55,50,100,0.563352615
65,50,100,0.97617014
35,50,200,0.851500221
45,50,200,0.785504463
55,50,200,0.125685593
65,50,200,-0.01457472
35,50,10,0.549499988
45,50,10,0.411855068
55,50,10,0.555967272
65,50,10,0.868050036
35,50,50,0.240201914
45,50,50,0.939944203
55,50,50,0.410687503
65,50,50,0.043560188
35,50,100,-0.054919195
45,50,100,0.382589304
55,50,100,0.87297423
65,50,100,0.684638759
35,50,200,-0.080780159
45,50,200,0.464886766
55,50,200,0.488543175
65,50,200,0.08160118
35,75,10,0.393479053
45,75,10,0.831836405
55,75,10,0.516424246
65,75,10,0.617593721
35,75,50,0.649107672
45,75,50,0.81827138
55,75,50,0.469510755
65,75,50,0.428477405
35,75,100,0.752548705
45,75,100,0.21135832
55,75,100,0.269676093
65,75,100,0.765230807
35,75,200,0.318908316
45,75,200,0.643576425
55,75,200,0.366132759
65,75,200,0.276298067
35,75,10,0.936147577
45,75,10,0.505917149
55,75,10,0.463742435
65,75,10,0.32484016
35,75,50,0.419647158
45,75,50,0.512960765
55,75,50,0.352559282
65,75,50,0.861962671
35,75,100,0.026741408
45,75,100,0.782686725
55,75,100,0.710871488
65,75,100,0.248013412
35,75,200,0.506495426
45,75,200,0.378925863
55,75,200,0.478701788
65,75,200,0.619165358
35,50,10,0.956496311
45,50,10,0.255619473
55,50,10,0.500058375
65,50,10,0.454507589
35,50,50,0.51642455
45,50,50,0.922914564
55,50,50,0.591530488
65,50,50,0.456198843
35,50,100,0.893988925
45,50,100,0.628703879
55,50,100,0.297605961
65,50,100,0.24762226
35,50,200,0.944949679
45,50,200,0.243087149
55,50,200,0.039157371
65,50,200,0.485391841
35,50,10,0.736543506
45,50,10,0.630276337
55,50,10,0.690087831
65,50,10,0.961040408
35,50,50,0.456234693
45,50,50,0.844275734
55,50,50,0.263142133
65,50,50,0.184116249
35,50,100,0.014104998
45,50,100,0.111906495
55,50,100,0.334094681
65,50,100,0.889480027
35,50,200,0.482197029
45,50,200,0.813422807
55,50,200,0.082965491
65,50,200,0.039107541
35,75,10,0.279422818
45,75,10,0.741609497
55,75,10,0.602105897
65,75,10,0.452082484
35,75,50,0.445376104
45,75,50,0.44716339
55,75,50,0.482655017
65,75,50,0.299084391
35,75,100,0.811015638
45,75,100,0.544546433
55,75,100,0.306168383
65,75,100,0.581430884
35,75,200,0.667333878
45,75,200,0.134844135
55,75,200,0.164929058
65,75,200,0.490995783
35,75,10,0.587165879
45,75,10,0.465374918
55,75,10,0.129733425
65,75,10,0.483279511
35,75,50,0.797356519
45,75,50,0.500111064
55,75,50,0.293952658
65,75,50,0.659218485
35,75,100,0.68415255
45,75,100,0.760459511
55,75,100,0.374122176
65,75,100,0.496627849
35,75,200,0.997994955
45,75,200,0.101113506
55,75,200,0.236731889
65,75,200,0.513272461
35,50,10,0.896161202
45,50,10,0.308647365
55,50,10,0.803347861
65,50,10,-0.045296063
35,50,50,0.05770553
45,50,50,0.776077076
55,50,50,0.127018371
65,50,50,-0.114322855
35,50,100,0.703520691
45,50,100,0.576520487
55,50,100,0.752404435
65,50,100,0.708312974
35,50,200,0.748547345
45,50,200,0.785014709
55,50,200,0.53934524
65,50,200,0.089227623
35,50,10,0.956741585
45,50,10,0.714253944
55,50,10,0.759459297
65,50,10,0.806885851
35,50,50,0.678750522
45,50,50,0.45788296
55,50,50,0.23986555
65,50,50,-0.004460443
35,50,100,0.452159869
45,50,100,0.338741942
55,50,100,0.265021781
65,50,100,-0.007207348
35,50,200,0.56932197
45,50,200,0.744807303
55,50,200,0.545064979
65,50,200,0.473631272
35,75,10,0.99813633
45,75,10,0.505428207
55,75,10,0.776061281
65,75,10,0.460011812
35,75,50,0.752224057
45,75,50,0.288060225
55,75,50,0.467705494
65,75,50,0.476224836
35,75,100,-0.113074576
45,75,100,0.38654669
55,75,100,0.517100566
65,75,100,0.336512933
35,75,200,0.651386935
45,75,200,0.589757902
55,75,200,0.528550938
65,75,200,0.208688441
35,75,10,0.575776298
45,75,10,0.985350913
55,75,10,0.338494032
65,75,10,0.355466587
35,75,50,0.52184355
45,75,50,0.286498386
55,75,50,0.403797887
65,75,50,0.794079808
35,75,100,0.092409657
45,75,100,0.469715862
55,75,100,0.301858911
65,75,100,0.384328793
35,75,200,0.526269738
45,75,200,0.635760912
55,75,200,0.328433082
65,75,200,0.658992975
35,50,10,0.899168956
45,50,10,0.234141045
55,50,10,0.042044647
65,50,10,0.797659645
35,50,50,0.60841604
45,50,50,0.495698942
55,50,50,0.448798686
65,50,50,0.999414294
35,50,100,0.619810508
45,50,100,0.691316371
55,50,100,0.097475233
65,50,100,0.207122468
35,50,200,0.509014979
45,50,200,0.752421743
55,50,200,0.855164528
65,50,200,0.390206418
35,50,10,0.886739825
45,50,10,0.014017992
55,50,10,0.295819827
65,50,10,0.990133598
35,50,50,0.557786971
45,50,50,-0.01482923
55,50,50,0.571438156
65,50,50,0.994608991
35,50,100,0.782108723
45,50,100,0.478727396
55,50,100,0.109111707
65,50,100,0.910106402
35,50,200,0.47852528
45,50,200,0.905715448
55,50,200,0.120122487
65,50,200,-0.022026466
35,75,10,0.923402345
45,75,10,0.763386802
55,75,10,0.532292757
65,75,10,0.668126257
35,75,50,0.292314723
45,75,50,0.476957107
55,75,50,0.286223776
65,75,50,0.758005151
35,75,100,0.452032473
45,75,100,0.195607329
55,75,100,0.33897826
65,75,100,0.841156362
35,75,200,0.573649142
45,75,200,0.623666063
55,75,200,0.379506839
65,75,200,0.972129867
35,75,10,0.89210094
45,75,10,0.772063293
55,75,10,0.412369329
65,75,10,0.545574119
35,75,50,0.922796372
45,75,50,0.873366853
55,75,50,0.454718734
65,75,50,0.589928999
35,75,100,0.732981879
45,75,100,0.827303128
55,75,100,0.38715734
65,75,100,0.961864402
35,75,200,0.893315273
45,75,200,0.669434064
55,75,200,0.093463577
65,75,200,0.6625885
35,75,10,0.698803583
45,75,10,0.045218957
55,75,10,0.223420804
65,75,10,0.020469319
35,75,50,0.846056365
45,75,50,0.894777758
55,75,50,0.455198746
65,75,50,0.131492439
35,75,100,0.824460911
45,75,100,0.555921158
55,75,100,0.316456393
65,75,100,0.363841136
35,75,200,0.238477812
45,75,200,0.091334381
55,75,200,0.328741726
65,75,200,0.166751756
35,75,10,0.742799687
45,75,10,-0.018429052
55,75,10,0.447017525
65,75,10,0.933774997
35,75,50,0.098480613
45,75,50,0.01028721
55,75,50,0.831539473
65,75,50,0.443215683
35,75,100,0.878127629
45,75,100,0.703795557
55,75,100,0.41543739
65,75,100,0.630315652
45,75,200,0.369945907
55,75,200,0.133961163
65,75,200,0.329166807
35,100,10,0.399862743
45,100,10,0.129693333
55,100,10,0.06417879
65,100,10,0.025607313
35,100,50,-0.064578228
45,100,50,-0.017456145
55,100,50,0.117557954
65,100,50,0.059330578
35,100,100,-0.014001701
45,100,100,0.074859164
55,100,100,0.118627408
65,100,100,0.028220382
35,100,200,0.132442806
45,100,200,-0.012191552
55,100,200,0.050608811
65,100,200,0.272965779
35,100,10,-0.043350373
45,100,10,0.123784275
55,100,10,0.172380737
65,100,10,0.04607296
35,100,50,0.12185241
45,100,50,0.377950551
55,100,50,0.170905672
65,100,50,0.12591607
35,100,100,0.332215089
45,100,100,0.11203393
55,100,100,0.142377507
65,100,100,0.123106844
35,100,200,-0.1950687
45,100,200,0.049150466
55,100,200,0.15523394
65,100,200,0.128766724
35,75,10,0.714065279
45,75,10,0.663292738
55,75,10,0.385013443
65,75,10,0.678455295
35,75,50,0.449259084
45,75,50,0.844043906
55,75,50,0.289977655
65,75,50,0.474099495
35,75,100,0.829067686
45,75,100,0.154256243
55,75,100,0.418692434
65,75,100,0.134395167
35,75,200,0.875133311
45,75,200,0.453932018
55,75,200,0.181106879
65,75,200,0.33811813
35,75,10,0.967560446
45,75,10,0.288004255
55,75,10,0.119818933
65,75,10,0.815953558
35,75,50,0.622233082
45,75,50,0.786684188
55,75,50,0.163973431
65,75,50,0.739364624
35,75,100,0.320180699
45,75,100,0.490077783
55,75,100,0.41903985
65,75,100,0.428686952
35,75,200,0.134120817
45,75,200,0.082033532
55,75,200,0.582317065
65,75,200,0.174732535
35,100,10,0.165919592
45,100,10,0.143913626
55,100,10,0.067575141
65,100,10,0.156193787
35,100,50,-0.124962712
45,100,50,-0.036713175
55,100,50,0.081860174
65,100,50,0.039969215
35,100,100,-0.125751626
45,100,100,0.052253535
55,100,100,0.034844169
65,100,100,0.098426395
35,100,200,0.048982601
45,100,200,0.514370455
55,100,200,0.275984696
65,100,200,-0.044780587
35,100,10,-0.005126095
45,100,10,0.087013403
55,100,10,0.288403302
65,100,10,0.544345271
35,100,50,0.16750347
45,100,50,0.369640959
55,100,50,0.14967778
65,100,50,0.355225974
35,100,100,-0.052482842
45,100,100,0.212968747
55,100,100,0.156846209
65,100,100,0.065368552
35,100,200,0.330589026
45,100,200,0.137089247
55,100,200,0.159298103
65,100,200,0.487856027
35,50,10,0.831737344
45,50,10,0.037935218
55,50,10,0.103270452
65,50,10,0.233582942
35,50,50,0.614336146
45,50,50,0.168321796
55,50,50,0.156924809
65,50,50,0.199277402
35,50,100,0.738001825
45,50,100,0.182491671
55,50,100,0.509709428
65,50,100,0.667868019
35,50,200,0.294610409
45,50,200,0.256553435
55,50,200,0.655329676
65,50,200,0.638384383
35,50,10,0.317489157
45,50,10,0.502589006
55,50,10,0.343335026
65,50,10,0.856906004
35,50,50,0.573353407
45,50,50,0.339544787
55,50,50,0.693114706
65,50,50,0.28757592
35,50,100,0.471679958
45,50,100,0.890933008
55,50,100,0.745429811
65,50,100,0.728500856
35,50,200,0.673085367
45,50,200,0.663668413
55,50,200,0.381263613
65,50,200,0.457079942
35,75,10,0.934499199
45,75,10,0.68595054
55,75,10,0.56977042
65,75,10,0.442374957
35,75,50,0.679302746
45,75,50,0.494372049
55,75,50,0.60709781
65,75,50,0.245195358
35,75,100,0.698295512
45,75,100,0.3562496
55,75,100,0.319482401
65,75,100,0.688601322
35,75,200,0.263802187
45,75,200,0.709369985
55,75,200,0.221788808
65,75,200,0.328367739
35,75,10,0.775318089
45,75,10,0.444939843
55,75,10,0.516544138
65,75,10,0.30353468
35,75,50,0.872197823
45,75,50,0.496194188
55,75,50,0.133965035
65,75,50,0.677466684
35,75,100,0.783542808
45,75,100,0.392401774
55,75,100,0.451411681
65,75,100,0.531539862
35,75,200,0.702415414
45,75,200,0.409152418
55,75,200,0.267981722
65,75,200,0.612630118
35,50,10,0.824636648
45,50,10,-0.021862384
55,50,10,0.133324112
65,50,10,-0.102784075
35,50,50,0.576867746
45,50,50,-0.024542176
55,50,50,-0.029886149
65,50,50,0.048935018
35,50,100,0.114241604
45,50,100,0.233453625
55,50,100,-0.033575558
65,50,100,0.022610727
35,50,200,0.330523673
45,50,200,-0.019772012
55,50,200,0.287876572
65,50,200,0.128061884
35,50,10,0.923740113
45,50,10,0.790001944
55,50,10,0.366073523
65,50,10,0.771254212
35,50,50,0.081451729
45,50,50,0.76726213
55,50,50,0.523610296
65,50,50,0.597663327
35,50,100,0.820516461
45,50,100,0.399952899
55,50,100,0.420283522
65,50,100,0.392470031
35,50,200,0.305312653
45,50,200,0.767008361
55,50,200,0.636285281
65,50,200,0.484098435
35,75,10,-0.184405386
45,75,10,0.75605561
55,75,10,0.591864986
65,75,10,0.839740191
35,75,50,-0.018801992
45,75,50,0.70435176
55,75,50,0.347488743
65,75,50,-0.023065892
35,75,100,0.744238202
45,75,100,0.51559454
55,75,100,0.499645738
65,75,100,0.254152282
35,75,200,0.557956488
45,75,200,0.467276877
55,75,200,0.470359208
65,75,200,-0.003515568
35,75,10,0.557627538
45,75,10,0.190873296
55,75,10,0.190149703
65,75,10,0.328615755
35,75,50,0.187068812
45,75,50,0.413496625
55,75,50,0.403414882
65,75,50,0.757983488
35,75,100,-0.036646351
45,75,100,0.4810783
55,75,100,0.444090033
65,75,100,0.379767458
35,75,200,0.897071266
45,75,200,0.237550895
55,75,200,0.271716279
65,75,200,0.962775514
35,75,10,0.684587933
45,75,10,0.148721538
55,75,10,0.024277747
65,75,10,-0.01379755
35,75,50,0.776447883
45,75,50,0.189423974
55,75,50,0.440713017
65,75,50,-0.020939275
35,75,100,0.166265383
45,75,100,0.001327949
55,75,100,0.313952443
65,75,100,-0.000975233
35,75,200,0.818973455
45,75,200,0.681631501
55,75,200,0.425899287
65,75,200,0.301846384
35,75,10,0.892071404
45,75,10,-0.005393076
55,75,10,0.320961892
65,75,10,0.581698664
35,75,50,0.773909262
45,75,50,0.578227862
55,75,50,0.044367825
65,75,50,0.645041044
35,75,100,0.11106593
45,75,100,0.204840267
55,75,100,0.243652667
65,75,100,0.727000972
35,75,200,0.039945765
45,75,200,0.087601868
55,75,200,0.148278013
65,75,200,0.567216526
35,100,10,0.425032215
45,100,10,-0.001754956
55,100,10,0.070668084
65,100,10,0.300829369
35,100,50,0.267722492
45,100,50,0.040865309
55,100,50,1.29E-05
65,100,50,0.161680593
35,100,100,-0.025639832
45,100,100,0.081168657
55,100,100,0.151448868
65,100,100,0.098917098
35,100,200,-0.324942258
45,100,200,-0.019833518
55,100,200,0.001489893
65,100,200,0.189466828
35,100,10,0.632285221
45,100,10,0.12471793
55,100,10,0.29940022
65,100,10,0.408400725
35,100,50,0.369059874
45,100,50,0.044441334
55,100,50,0.487725548
65,100,50,0.575129676
35,100,100,0.146577285
45,100,100,0.061624958
55,100,100,0.236887728
65,100,100,0.154518984
35,100,200,0.604850045
45,100,200,0.287514968
55,100,200,0.194787775
65,100,200,0.356841148
35,75,10,0.455147418
45,75,10,0.214082266
55,75,10,0.243377129
65,75,10,0.259146339
35,75,50,0.539134192
45,75,50,0.277101678
55,75,50,0.25106017
65,75,50,-0.022186776
35,75,100,0.527741757
45,75,100,-0.006332655
55,75,100,0.139007299
65,75,100,0.281638869
35,75,200,0.110264356
45,75,200,0.048966212
55,75,200,0.031097006
65,75,200,0.10592557
35,75,10,0.244460191
45,75,10,0.289141594
55,75,10,0.311139626
65,75,10,-0.037930322
35,75,50,-0.087397068
45,75,50,0.04652207
55,75,50,0.108572045
65,75,50,0.023869467
35,75,100,0.193121024
45,75,100,0.078105104
55,75,100,0.1561476
65,75,100,-0.049144093
35,75,200,-0.157164428
45,75,200,0.128199255
55,75,200,0.430411053
65,75,200,0.320596901
35,100,10,-0.119378853
45,100,10,0.072445303
55,100,10,0.065188907
65,100,10,0.223464394
35,100,50,0.285844701
45,100,50,0.581149672
55,100,50,0.033855906
65,100,50,0.165092503
35,100,100,0.075333677
45,100,100,-0.014527917
55,100,100,0.200617317
65,100,100,0.299416306
35,100,200,0.027244116
45,100,200,0.664436618
55,100,200,0.004954484
65,100,200,-0.032682636
35,100,10,-0.020475255
45,100,10,0.170915712
55,100,10,0.05066349
65,100,10,-0.022960799
35,100,50,-0.052109145
45,100,50,-0.021295055
55,100,50,0.077408571
65,100,50,0.123697788
35,100,100,-0.073258446
45,100,100,-0.002361351
55,100,100,0.226610153
65,100,100,0.078928619
35,100,200,-0.306307371
45,100,200,-0.028346296
55,100,200,-0.008755115
65,100,200,0.023057955
